timestamp,contract_id,question,price_yes,price_no,volume,liquidity,outcome,day_index,category
2026-07-17T11:47:28.593637+00:00,C000,Historical contract #1,0.6959,0.2879,637.9477570625829,736.767461856811,1,0,Crypto
2026-07-18T11:47:28.593637+00:00,C000,Historical contract #1,0.6856,0.2995,913.7571701121251,1344.1516907964942,1,1,Crypto
2026-07-19T11:47:28.593637+00:00,C000,Historical contract #1,0.6995,0.3062,4455.047337609192,966.8152997042865,1,2,Crypto
2026-07-20T11:47:28.593637+00:00,C000,Historical contract #1,0.6794,0.3228,839.5734114563287,1343.1330233813349,1,3,Crypto
2026-07-21T11:47:28.593637+00:00,C000,Historical contract #1,0.6793,0.3311,1048.6473394218071,1768.758330032068,1,4,Crypto
2026-07-22T11:47:28.593637+00:00,C000,Historical contract #1,0.6778,0.3333,1364.158671353239,1018.2567224212811,1,5,Crypto
2026-07-23T11:47:28.593637+00:00,C000,Historical contract #1,0.6878,0.2984,2552.0616518117167,3689.7651155880503,1,6,Crypto
2026-07-24T11:47:28.593637+00:00,C000,Historical contract #1,0.6816,0.3115,942.9203526502138,1088.7478332739042,1,7,Crypto
2026-07-25T11:47:28.593637+00:00,C000,Historical contract #1,0.7078,0.2774,923.2267018007566,343.92204813876776,1,8,Crypto
2026-07-26T11:47:28.593637+00:00,C000,Historical contract #1,0.7213,0.2762,2792.0277826654337,390.5641507079835,1,9,Crypto
2026-07-27T11:47:28.593637+00:00,C000,Historical contract #1,0.7252,0.2703,2153.7178868384935,1335.609501878258,1,10,Crypto
2026-07-28T11:47:28.593637+00:00,C000,Historical contract #1,0.7291,0.2589,1908.4816468182714,838.2325089274241,1,11,Crypto
2026-07-29T11:47:28.593637+00:00,C000,Historical contract #1,0.7413,0.2669,1400.0497167178803,456.55166801003094,1,12,Crypto
2026-07-30T11:47:28.593637+00:00,C000,Historical contract #1,0.7271,0.2585,5978.6678166255615,332.7312501224101,1,13,Crypto
2026-07-31T11:47:28.593637+00:00,C000,Historical contract #1,0.7479,0.2547,1383.1129187409033,757.6355400103025,1,14,Crypto
2026-08-01T11:47:28.593637+00:00,C000,Historical contract #1,0.7588,0.2436,3410.7169183307965,503.21622182678607,1,15,Crypto
2026-08-02T11:47:28.593637+00:00,C000,Historical contract #1,0.7478,0.2408,1551.4675060443074,239.7150536061483,1,16,Crypto
2026-08-03T11:47:28.593637+00:00,C000,Historical contract #1,0.7258,0.2565,2691.162661108776,745.4146113333424,1,17,Crypto
2026-08-04T11:47:28.593637+00:00,C000,Historical contract #1,0.7444,0.2579,2052.5367637543995,1097.1512372479656,1,18,Crypto
2026-08-05T11:47:28.593637+00:00,C000,Historical contract #1,0.741,0.2716,1064.7116040434037,497.48078003054763,1,19,Crypto
2026-08-06T11:47:28.593637+00:00,C000,Historical contract #1,0.7374,0.2715,2669.317190059001,456.9062044099468,1,20,Crypto
2026-08-07T11:47:28.593637+00:00,C000,Historical contract #1,0.743,0.2431,2584.3387223797486,1132.6418316529182,1,21,Crypto
2026-08-08T11:47:28.593637+00:00,C000,Historical contract #1,0.7463,0.2457,1696.3351880274506,172.45433086895903,1,22,Crypto
2026-08-09T11:47:28.593637+00:00,C000,Historical contract #1,0.723,0.2617,814.1971518112001,915.8195810717724,1,23,Crypto
2026-08-10T11:47:28.593637+00:00,C000,Historical contract #1,0.7147,0.2759,5112.187318212468,500.1903986067629,1,24,Crypto
2026-08-11T11:47:28.593637+00:00,C000,Historical contract #1,0.7413,0.2566,1534.0245009041778,311.05892263159575,1,25,Crypto
2026-08-12T11:47:28.593637+00:00,C000,Historical contract #1,0.7432,0.255,454.021094875833,941.560791547754,1,26,Crypto
2026-08-13T11:47:28.593637+00:00,C000,Historical contract #1,0.7571,0.2299,568.5866478778233,704.6516774449806,1,27,Crypto
2026-08-14T11:47:28.593637+00:00,C000,Historical contract #1,0.7544,0.2429,1839.927994509878,2395.681721697552,1,28,Crypto
2026-08-15T11:47:28.593637+00:00,C000,Historical contract #1,0.7586,0.2248,2086.869777115886,793.1380935777138,1,29,Crypto
2026-08-16T11:47:28.593637+00:00,C000,Historical contract #1,0.795,0.1982,2405.4609979724155,2144.458416443808,1,30,Crypto
2026-08-17T11:47:28.593637+00:00,C000,Historical contract #1,0.7757,0.2111,861.5553022418251,486.94547580176584,1,31,Crypto
2026-08-18T11:47:28.593637+00:00,C000,Historical contract #1,0.7563,0.2473,1513.5631352427101,205.07073417861338,1,32,Crypto
2026-08-19T11:47:28.593637+00:00,C000,Historical contract #1,0.7479,0.2634,3535.1155114935973,3285.8633537301803,1,33,Crypto
2026-08-20T11:47:28.593637+00:00,C000,Historical contract #1,0.82,0.1975,819.2337924424052,120.82738724572889,1,34,Crypto
2026-08-21T11:47:28.593637+00:00,C000,Historical contract #1,0.8292,0.164,1296.8768006307293,407.61477960084886,1,35,Crypto
2026-08-22T11:47:28.593637+00:00,C000,Historical contract #1,0.8297,0.1834,2050.089754703633,585.8666068887948,1,36,Crypto
2026-08-23T11:47:28.593637+00:00,C000,Historical contract #1,0.8129,0.1714,1225.3155390908366,637.1301547986211,1,37,Crypto
2026-08-24T11:47:28.593637+00:00,C000,Historical contract #1,0.8555,0.1552,3968.6910493295577,446.1090911799066,1,38,Crypto
2026-08-25T11:47:28.593637+00:00,C000,Historical contract #1,0.8334,0.148,1012.1369313693715,3651.0708457592546,1,39,Crypto
2026-08-26T11:47:28.593637+00:00,C000,Historical contract #1,0.8227,0.1896,878.0102409597649,1401.4439967508758,1,40,Crypto
2026-08-27T11:47:28.593637+00:00,C000,Historical contract #1,0.8385,0.1621,1750.0330966176266,393.92866659547934,1,41,Crypto
2026-08-28T11:47:28.593637+00:00,C000,Historical contract #1,0.854,0.1278,678.2496184486439,239.2837151433875,1,42,Crypto
2026-08-29T11:47:28.593637+00:00,C000,Historical contract #1,0.8624,0.1475,2054.9222483438116,604.9158389084937,1,43,Crypto
2026-08-30T11:47:28.593637+00:00,C000,Historical contract #1,0.8726,0.12,2154.913798606327,478.7881458483783,1,44,Crypto
2026-08-31T11:47:28.593637+00:00,C000,Historical contract #1,0.8985,0.0853,6177.103761505315,770.1517318436883,1,45,Crypto
2026-09-01T11:47:28.593637+00:00,C000,Historical contract #1,0.8746,0.115,6773.290883365438,2641.0519340048463,1,46,Crypto
2026-09-02T11:47:28.593637+00:00,C000,Historical contract #1,0.876,0.1112,5820.581406696146,274.3386945054492,1,47,Crypto
2026-09-03T11:47:28.593637+00:00,C000,Historical contract #1,0.8637,0.1474,1318.5868866318904,662.4217956720119,1,48,Crypto
2026-09-04T11:47:28.593637+00:00,C000,Historical contract #1,0.8686,0.112,5574.653762680839,715.1325610084704,1,49,Crypto
2026-09-05T11:47:28.593637+00:00,C000,Historical contract #1,0.8897,0.0952,1738.9300311803604,338.80197215640766,1,50,Crypto
2026-09-06T11:47:28.593637+00:00,C000,Historical contract #1,0.8711,0.1169,1383.9558666899234,1383.9846345120548,1,51,Crypto
2026-09-07T11:47:28.593637+00:00,C000,Historical contract #1,0.854,0.1313,1227.4135792654456,511.7629474229363,1,52,Crypto
2026-09-08T11:47:28.593637+00:00,C000,Historical contract #1,0.8868,0.1197,5270.7001365906,587.8051154195103,1,53,Crypto
2026-09-09T11:47:28.593637+00:00,C000,Historical contract #1,0.8815,0.0995,2195.1319399446647,766.0586142816078,1,54,Crypto
2026-09-10T11:47:28.593637+00:00,C000,Historical contract #1,0.8699,0.1157,2170.217483038893,4983.955989280595,1,55,Crypto
2026-09-11T11:47:28.593637+00:00,C000,Historical contract #1,0.9202,0.0972,1436.6845049062438,206.2824608005089,1,56,Crypto
2026-09-12T11:47:28.593637+00:00,C000,Historical contract #1,0.9143,0.0664,4744.222764650703,371.1970040171973,1,57,Crypto
2026-09-13T11:47:28.593637+00:00,C000,Historical contract #1,0.9088,0.0805,1587.423060180142,284.31093207266673,1,58,Crypto
2026-09-14T11:47:28.593637+00:00,C000,Historical contract #1,0.9074,0.0876,4443.015469212066,616.8278394946154,1,59,Crypto
2026-07-17T11:47:28.593637+00:00,C001,Historical contract #2,0.4002,0.6097,7859.913047138626,6795.757065015193,1,0,Macro
2026-07-18T11:47:28.593637+00:00,C001,Historical contract #2,0.4254,0.5784,2376.168132349692,2651.7050191145663,1,1,Macro
2026-07-19T11:47:28.593637+00:00,C001,Historical contract #2,0.4512,0.5345,3367.3119390136344,941.8187625040753,1,2,Macro
2026-07-20T11:47:28.593637+00:00,C001,Historical contract #2,0.486,0.5002,601.8952057352926,549.7485571200154,1,3,Macro
2026-07-21T11:47:28.593637+00:00,C001,Historical contract #2,0.5184,0.4686,1159.493122155347,969.9367062076138,1,4,Macro
2026-07-22T11:47:28.593637+00:00,C001,Historical contract #2,0.5721,0.4236,2395.638632545384,694.0363093333094,1,5,Macro
2026-07-23T11:47:28.593637+00:00,C001,Historical contract #2,0.5982,0.4159,2329.002653790589,615.3373913928361,1,6,Macro
2026-07-24T11:47:28.593637+00:00,C001,Historical contract #2,0.6628,0.34,2461.8718200474295,361.2442174516191,1,7,Macro
2026-07-25T11:47:28.593637+00:00,C001,Historical contract #2,0.6543,0.359,2230.987028301344,976.636692611609,1,8,Macro
2026-07-26T11:47:28.593637+00:00,C001,Historical contract #2,0.635,0.3787,2600.700915521425,273.5967897934311,1,9,Macro
2026-07-27T11:47:28.593637+00:00,C001,Historical contract #2,0.6448,0.3664,1885.5473681006897,526.5061705019742,1,10,Macro
2026-07-28T11:47:28.593637+00:00,C001,Historical contract #2,0.661,0.3404,2042.7454884223819,2158.553452458558,1,11,Macro
2026-07-29T11:47:28.593637+00:00,C001,Historical contract #2,0.6262,0.3692,2082.2616987016145,842.8552134844906,1,12,Macro
2026-07-30T11:47:28.593637+00:00,C001,Historical contract #2,0.6412,0.3579,2350.5306425096796,2648.8481691263864,1,13,Macro
2026-07-31T11:47:28.593637+00:00,C001,Historical contract #2,0.6313,0.3634,1390.1679157154736,633.2976440109292,1,14,Macro
2026-08-01T11:47:28.593637+00:00,C001,Historical contract #2,0.6331,0.3588,5115.526858697213,1060.1060121739604,1,15,Macro
2026-08-02T11:47:28.593637+00:00,C001,Historical contract #2,0.691,0.3021,2568.993181969822,2684.2257952068367,1,16,Macro
2026-08-03T11:47:28.593637+00:00,C001,Historical contract #2,0.715,0.2972,1426.1634805885542,701.5110509181541,1,17,Macro
2026-08-04T11:47:28.593637+00:00,C001,Historical contract #2,0.7133,0.2961,704.4075546502494,1243.7425194400212,1,18,Macro
2026-08-05T11:47:28.593637+00:00,C001,Historical contract #2,0.7226,0.282,3296.759156067255,2854.1145278400777,1,19,Macro
2026-08-06T11:47:28.593637+00:00,C001,Historical contract #2,0.7496,0.2678,1713.7469680446054,260.4456613904829,1,20,Macro
2026-08-07T11:47:28.593637+00:00,C001,Historical contract #2,0.7482,0.2556,3010.9985554322184,380.26016269639103,1,21,Macro
2026-08-08T11:47:28.593637+00:00,C001,Historical contract #2,0.7377,0.2524,683.1755678526418,388.8088279972418,1,22,Macro
2026-08-09T11:47:28.593637+00:00,C001,Historical contract #2,0.756,0.2466,2942.48334151042,106.37476663775753,1,23,Macro
2026-08-10T11:47:28.593637+00:00,C001,Historical contract #2,0.772,0.2386,2517.728105161869,2423.499248801236,1,24,Macro
2026-08-11T11:47:28.593637+00:00,C001,Historical contract #2,0.7388,0.2784,2900.7513198619386,187.6773904275282,1,25,Macro
2026-08-12T11:47:28.593637+00:00,C001,Historical contract #2,0.7821,0.2242,3559.11496881948,421.25783073789506,1,26,Macro
2026-08-13T11:47:28.593637+00:00,C001,Historical contract #2,0.8063,0.1871,2178.3051866592045,802.3305773583651,1,27,Macro
2026-08-14T11:47:28.593637+00:00,C001,Historical contract #2,0.8166,0.178,1606.7632903780864,588.7384186404423,1,28,Macro
2026-08-15T11:47:28.593637+00:00,C001,Historical contract #2,0.8282,0.1892,775.2388182132033,601.8406900053648,1,29,Macro
2026-08-16T11:47:28.593637+00:00,C001,Historical contract #2,0.8607,0.1414,936.5472609940781,781.9923465406143,1,30,Macro
2026-08-17T11:47:28.593637+00:00,C001,Historical contract #2,0.8762,0.1188,5235.242642873425,1320.0635865555878,1,31,Macro
2026-08-18T11:47:28.593637+00:00,C001,Historical contract #2,0.89,0.0947,11639.06603213212,564.4606361442281,1,32,Macro
2026-08-19T11:47:28.593637+00:00,C001,Historical contract #2,0.8454,0.1581,1253.682444702929,725.0962143330293,1,33,Macro
2026-08-20T11:47:28.593637+00:00,C001,Historical contract #2,0.8745,0.1386,664.265705762602,184.7452132775641,1,34,Macro
2026-08-21T11:47:28.593637+00:00,C001,Historical contract #2,0.8577,0.1344,2749.98372991953,829.6627919360496,1,35,Macro
2026-08-22T11:47:28.593637+00:00,C001,Historical contract #2,0.8317,0.1882,1888.3956182375882,456.03938349080005,1,36,Macro
2026-08-23T11:47:28.593637+00:00,C001,Historical contract #2,0.8477,0.1366,2019.4755856920813,1221.8317770915019,1,37,Macro
2026-08-24T11:47:28.593637+00:00,C001,Historical contract #2,0.8573,0.1239,1028.916298236729,576.1170598389896,1,38,Macro
2026-08-25T11:47:28.593637+00:00,C001,Historical contract #2,0.8654,0.1225,1319.4985568332427,1009.2207774406004,1,39,Macro
2026-08-26T11:47:28.593637+00:00,C001,Historical contract #2,0.8638,0.1165,3510.856253652544,135.03739001383374,1,40,Macro
2026-08-27T11:47:28.593637+00:00,C001,Historical contract #2,0.8423,0.1472,279.52929635684455,386.5991808347574,1,41,Macro
2026-08-28T11:47:28.593637+00:00,C001,Historical contract #2,0.8657,0.1514,2118.009614454353,1589.8166869934278,1,42,Macro
2026-08-29T11:47:28.593637+00:00,C001,Historical contract #2,0.8977,0.0839,976.9503838376537,1964.2557741169755,1,43,Macro
2026-08-30T11:47:28.593637+00:00,C001,Historical contract #2,0.9009,0.1131,1123.8097091827444,203.48062468322058,1,44,Macro
2026-08-31T11:47:28.593637+00:00,C001,Historical contract #2,0.8846,0.1062,3438.7661733874456,2634.9404601002348,1,45,Macro
2026-09-01T11:47:28.593637+00:00,C001,Historical contract #2,0.8615,0.1206,786.4780775426736,972.390692551268,1,46,Macro
2026-09-02T11:47:28.593637+00:00,C001,Historical contract #2,0.8676,0.1408,3799.5487674461983,409.935335822284,1,47,Macro
2026-09-03T11:47:28.593637+00:00,C001,Historical contract #2,0.8653,0.1539,1071.241332270613,936.6525033399054,1,48,Macro
2026-09-04T11:47:28.593637+00:00,C001,Historical contract #2,0.8709,0.132,2415.2002529932906,1913.193901907399,1,49,Macro
2026-09-05T11:47:28.593637+00:00,C001,Historical contract #2,0.8732,0.1299,4246.192309917077,510.2033962160138,1,50,Macro
2026-09-06T11:47:28.593637+00:00,C001,Historical contract #2,0.9049,0.081,1627.9713951107424,879.2073080705641,1,51,Macro
2026-09-07T11:47:28.593637+00:00,C001,Historical contract #2,0.9493,0.0355,1911.2349983956901,756.0839951122183,1,52,Macro
2026-09-08T11:47:28.593637+00:00,C001,Historical contract #2,0.9701,0.027,2360.0929860086935,651.5210601248007,1,53,Macro
2026-09-09T11:47:28.593637+00:00,C001,Historical contract #2,0.9732,0.0232,506.916352794163,126.67354322624112,1,54,Macro
2026-09-10T11:47:28.593637+00:00,C001,Historical contract #2,0.9478,0.0336,1430.02432082748,3133.121058298892,1,55,Macro
2026-09-11T11:47:28.593637+00:00,C001,Historical contract #2,0.9714,0.0315,2387.893228813499,480.264700327415,1,56,Macro
2026-09-12T11:47:28.593637+00:00,C001,Historical contract #2,0.9642,0.0419,2967.089822209525,507.04168182920716,1,57,Macro
2026-09-13T11:47:28.593637+00:00,C001,Historical contract #2,0.98,0.02,1817.2347379355224,5314.206479252351,1,58,Macro
2026-09-14T11:47:28.593637+00:00,C001,Historical contract #2,0.98,0.0295,1945.3868726859073,1058.5143805494035,1,59,Macro
2026-07-17T11:47:28.593637+00:00,C002,Historical contract #3,0.6364,0.3771,3079.332676598754,1584.8255284372058,0,0,Politics
2026-07-18T11:47:28.593637+00:00,C002,Historical contract #3,0.6224,0.3688,2599.754934087404,519.6011798915744,0,1,Politics
2026-07-19T11:47:28.593637+00:00,C002,Historical contract #3,0.6207,0.389,1382.313889468245,135.28050044364696,0,2,Politics
2026-07-20T11:47:28.593637+00:00,C002,Historical contract #3,0.5694,0.4255,3700.2215883316803,374.0598507565661,0,3,Politics
2026-07-21T11:47:28.593637+00:00,C002,Historical contract #3,0.5245,0.4701,1170.5202576944828,4611.608588832262,0,4,Politics
2026-07-22T11:47:28.593637+00:00,C002,Historical contract #3,0.5238,0.4686,2622.974262550904,190.801442184472,0,5,Politics
2026-07-23T11:47:28.593637+00:00,C002,Historical contract #3,0.5074,0.4982,1687.6958555214185,1252.1844903980088,0,6,Politics
2026-07-24T11:47:28.593637+00:00,C002,Historical contract #3,0.5051,0.4814,1042.42204533023,1364.1029699618086,0,7,Politics
2026-07-25T11:47:28.593637+00:00,C002,Historical contract #3,0.5277,0.4746,888.7744359047363,1936.4805771987253,0,8,Politics
2026-07-26T11:47:28.593637+00:00,C002,Historical contract #3,0.5092,0.4887,1268.9834558653424,2130.3391279211583,0,9,Politics
2026-07-27T11:47:28.593637+00:00,C002,Historical contract #3,0.4988,0.4986,6321.8958431286155,497.99180349541837,0,10,Politics
2026-07-28T11:47:28.593637+00:00,C002,Historical contract #3,0.4673,0.549,2596.363680136669,190.070060231832,0,11,Politics
2026-07-29T11:47:28.593637+00:00,C002,Historical contract #3,0.4708,0.5288,4528.9713995940565,97.96318610242653,0,12,Politics
2026-07-30T11:47:28.593637+00:00,C002,Historical contract #3,0.4442,0.5455,933.5704482340279,810.8902521783135,0,13,Politics
2026-07-31T11:47:28.593637+00:00,C002,Historical contract #3,0.4325,0.5743,1591.849939567387,782.6695627078082,0,14,Politics
2026-08-01T11:47:28.593637+00:00,C002,Historical contract #3,0.4048,0.5968,3072.149554869699,905.0863469335445,0,15,Politics
2026-08-02T11:47:28.593637+00:00,C002,Historical contract #3,0.4113,0.5994,9210.124454976842,620.3753283337959,0,16,Politics
2026-08-03T11:47:28.593637+00:00,C002,Historical contract #3,0.3984,0.6051,791.7058042592595,245.77649595492605,0,17,Politics
2026-08-04T11:47:28.593637+00:00,C002,Historical contract #3,0.3746,0.6214,2362.406549452326,692.919372513405,0,18,Politics
2026-08-05T11:47:28.593637+00:00,C002,Historical contract #3,0.3556,0.638,3266.6822220810373,585.391792635148,0,19,Politics
2026-08-06T11:47:28.593637+00:00,C002,Historical contract #3,0.3405,0.6574,2101.441611776257,208.82533658983405,0,20,Politics
2026-08-07T11:47:28.593637+00:00,C002,Historical contract #3,0.3382,0.6529,880.2836374375585,774.2344341828081,0,21,Politics
2026-08-08T11:47:28.593637+00:00,C002,Historical contract #3,0.3073,0.6975,4906.7151665232395,543.4763180449862,0,22,Politics
2026-08-09T11:47:28.593637+00:00,C002,Historical contract #3,0.3162,0.6926,716.8896128601834,525.8294201651312,0,23,Politics
2026-08-10T11:47:28.593637+00:00,C002,Historical contract #3,0.2938,0.6907,8935.945346245004,259.4874202251592,0,24,Politics
2026-08-11T11:47:28.593637+00:00,C002,Historical contract #3,0.2783,0.7278,6560.964632728392,250.15995917851717,0,25,Politics
2026-08-12T11:47:28.593637+00:00,C002,Historical contract #3,0.2857,0.7237,482.31271088576773,238.68498652348987,0,26,Politics
2026-08-13T11:47:28.593637+00:00,C002,Historical contract #3,0.2773,0.7223,3463.6597151583005,807.0033148292923,0,27,Politics
2026-08-14T11:47:28.593637+00:00,C002,Historical contract #3,0.2419,0.7546,1139.0716757303244,1843.7517579516762,0,28,Politics
2026-08-15T11:47:28.593637+00:00,C002,Historical contract #3,0.2336,0.7785,2787.513583172857,1224.565279194971,0,29,Politics
2026-08-16T11:47:28.593637+00:00,C002,Historical contract #3,0.2468,0.7481,2780.6154079233124,290.7761010028314,0,30,Politics
2026-08-17T11:47:28.593637+00:00,C002,Historical contract #3,0.2526,0.7559,2583.906598181082,348.87750657038504,0,31,Politics
2026-08-18T11:47:28.593637+00:00,C002,Historical contract #3,0.226,0.7861,2193.635774690475,407.00218699721245,0,32,Politics
2026-08-19T11:47:28.593637+00:00,C002,Historical contract #3,0.2568,0.7575,1855.0856364474698,824.7916080657116,0,33,Politics
2026-08-20T11:47:28.593637+00:00,C002,Historical contract #3,0.2404,0.7408,1179.9627182630065,478.51585360595453,0,34,Politics
2026-08-21T11:47:28.593637+00:00,C002,Historical contract #3,0.2649,0.7246,262.3752511233285,2413.2980972294135,0,35,Politics
2026-08-22T11:47:28.593637+00:00,C002,Historical contract #3,0.3083,0.6837,383.95661617870036,518.8489597026203,0,36,Politics
2026-08-23T11:47:28.593637+00:00,C002,Historical contract #3,0.2872,0.7282,741.9557212062142,1057.4851983403307,0,37,Politics
2026-08-24T11:47:28.593637+00:00,C002,Historical contract #3,0.2843,0.7244,3163.256725983042,3436.291049953169,0,38,Politics
2026-08-25T11:47:28.593637+00:00,C002,Historical contract #3,0.2736,0.7227,1613.8815038956259,1088.1185834028074,0,39,Politics
2026-08-26T11:47:28.593637+00:00,C002,Historical contract #3,0.2253,0.7704,1322.962528295146,2916.8513549175573,0,40,Politics
2026-08-27T11:47:28.593637+00:00,C002,Historical contract #3,0.2141,0.7805,747.7041974265072,1064.0177301549688,0,41,Politics
2026-08-28T11:47:28.593637+00:00,C002,Historical contract #3,0.2133,0.7848,2083.7342836760977,1754.6331267589035,0,42,Politics
2026-08-29T11:47:28.593637+00:00,C002,Historical contract #3,0.1985,0.8198,1782.816576097991,323.13219895081966,0,43,Politics
2026-08-30T11:47:28.593637+00:00,C002,Historical contract #3,0.1844,0.8315,461.959963015807,182.63202361361533,0,44,Politics
2026-08-31T11:47:28.593637+00:00,C002,Historical contract #3,0.1877,0.8135,232.34062974871568,1246.2262068351663,0,45,Politics
2026-09-01T11:47:28.593637+00:00,C002,Historical contract #3,0.1851,0.8069,630.514297221486,1298.0862157472748,0,46,Politics
2026-09-02T11:47:28.593637+00:00,C002,Historical contract #3,0.1832,0.8317,2460.4080656570827,930.8990866549003,0,47,Politics
2026-09-03T11:47:28.593637+00:00,C002,Historical contract #3,0.1812,0.8302,3475.2465105151523,1096.707908587044,0,48,Politics
2026-09-04T11:47:28.593637+00:00,C002,Historical contract #3,0.1956,0.8114,1276.240622361252,453.37403234796733,0,49,Politics
2026-09-05T11:47:28.593637+00:00,C002,Historical contract #3,0.1973,0.7867,1252.5385431762606,473.5137814840583,0,50,Politics
2026-09-06T11:47:28.593637+00:00,C002,Historical contract #3,0.1881,0.8092,3872.4510140402226,109.79095707194067,0,51,Politics
2026-09-07T11:47:28.593637+00:00,C002,Historical contract #3,0.1563,0.8254,282.5103508496702,307.6889113616572,0,52,Politics
2026-09-08T11:47:28.593637+00:00,C002,Historical contract #3,0.1262,0.8744,4404.458988915225,546.7280317478147,0,53,Politics
2026-09-09T11:47:28.593637+00:00,C002,Historical contract #3,0.0972,0.8982,4185.321898429604,304.67113442953854,0,54,Politics
2026-09-10T11:47:28.593637+00:00,C002,Historical contract #3,0.0737,0.9184,1514.3947109978972,1116.5376057906474,0,55,Politics
2026-09-11T11:47:28.593637+00:00,C002,Historical contract #3,0.0705,0.914,789.9246086096817,658.7422133007462,0,56,Politics
2026-09-12T11:47:28.593637+00:00,C002,Historical contract #3,0.0626,0.937,517.6077115305472,1151.2449813094968,0,57,Politics
2026-09-13T11:47:28.593637+00:00,C002,Historical contract #3,0.0519,0.9618,1674.1432995486343,1639.9402477889048,0,58,Politics
2026-09-14T11:47:28.593637+00:00,C002,Historical contract #3,0.02,0.9792,864.1020251386143,2140.8176048177784,0,59,Politics
2026-07-17T11:47:28.593637+00:00,C003,Historical contract #4,0.2705,0.7379,1894.328052165441,1031.7287321978738,0,0,Crypto
2026-07-18T11:47:28.593637+00:00,C003,Historical contract #4,0.285,0.7317,2051.8462322334176,1239.1908574209433,0,1,Crypto
2026-07-19T11:47:28.593637+00:00,C003,Historical contract #4,0.3163,0.6681,299.5211868318076,1482.3683409437135,0,2,Crypto
2026-07-20T11:47:28.593637+00:00,C003,Historical contract #4,0.3496,0.654,408.3528686521703,719.9831844492412,0,3,Crypto
2026-07-21T11:47:28.593637+00:00,C003,Historical contract #4,0.3718,0.633,2732.679907247519,494.0450180696163,0,4,Crypto
2026-07-22T11:47:28.593637+00:00,C003,Historical contract #4,0.3532,0.637,1423.0934070806957,295.28638304674985,0,5,Crypto
2026-07-23T11:47:28.593637+00:00,C003,Historical contract #4,0.3954,0.624,4486.548365207293,318.4035749460078,0,6,Crypto
2026-07-24T11:47:28.593637+00:00,C003,Historical contract #4,0.4064,0.6056,2576.111832097476,1807.5583101713253,0,7,Crypto
2026-07-25T11:47:28.593637+00:00,C003,Historical contract #4,0.4104,0.5823,3009.4873472156687,873.609191553042,0,8,Crypto
2026-07-26T11:47:28.593637+00:00,C003,Historical contract #4,0.3645,0.6163,1158.6912714503962,238.91963350270612,0,9,Crypto
2026-07-27T11:47:28.593637+00:00,C003,Historical contract #4,0.3939,0.6157,5363.523890149572,815.8012290862191,0,10,Crypto
2026-07-28T11:47:28.593637+00:00,C003,Historical contract #4,0.4113,0.5738,2126.510859690103,277.3340964107585,0,11,Crypto
2026-07-29T11:47:28.593637+00:00,C003,Historical contract #4,0.406,0.5943,637.7066022769613,638.4493275056672,0,12,Crypto
2026-07-30T11:47:28.593637+00:00,C003,Historical contract #4,0.3911,0.6286,3697.3464394536363,671.2598711059582,0,13,Crypto
2026-07-31T11:47:28.593637+00:00,C003,Historical contract #4,0.3841,0.6311,1537.1246075273853,279.79529376384534,0,14,Crypto
2026-08-01T11:47:28.593637+00:00,C003,Historical contract #4,0.3692,0.6129,664.9737517747785,1001.222919813245,0,15,Crypto
2026-08-02T11:47:28.593637+00:00,C003,Historical contract #4,0.3664,0.6471,1639.0175558492747,1475.2180800404503,0,16,Crypto
2026-08-03T11:47:28.593637+00:00,C003,Historical contract #4,0.3765,0.6385,1865.2130575405813,338.3103730588285,0,17,Crypto
2026-08-04T11:47:28.593637+00:00,C003,Historical contract #4,0.3412,0.6546,2448.9729890013264,1862.8537950426844,0,18,Crypto
2026-08-05T11:47:28.593637+00:00,C003,Historical contract #4,0.354,0.6563,668.2319186641382,515.2822054817757,0,19,Crypto
2026-08-06T11:47:28.593637+00:00,C003,Historical contract #4,0.3463,0.6342,1138.7480242291358,814.2829027318495,0,20,Crypto
2026-08-07T11:47:28.593637+00:00,C003,Historical contract #4,0.3244,0.6594,2319.6283722228213,482.2226495380425,0,21,Crypto
2026-08-08T11:47:28.593637+00:00,C003,Historical contract #4,0.3197,0.6662,726.6586239730217,452.59926122534927,0,22,Crypto
2026-08-09T11:47:28.593637+00:00,C003,Historical contract #4,0.3388,0.6756,2332.1633452252613,262.52239424767225,0,23,Crypto
2026-08-10T11:47:28.593637+00:00,C003,Historical contract #4,0.2829,0.7264,1850.6421339159563,681.7982700862975,0,24,Crypto
2026-08-11T11:47:28.593637+00:00,C003,Historical contract #4,0.2745,0.7352,213.09380195156442,913.010242958525,0,25,Crypto
2026-08-12T11:47:28.593637+00:00,C003,Historical contract #4,0.2999,0.6843,1334.2902620735722,364.1939175187657,0,26,Crypto
2026-08-13T11:47:28.593637+00:00,C003,Historical contract #4,0.2715,0.7125,5664.581108483313,2892.595110788094,0,27,Crypto
2026-08-14T11:47:28.593637+00:00,C003,Historical contract #4,0.2576,0.7616,1860.2407272541504,2705.2586917363233,0,28,Crypto
2026-08-15T11:47:28.593637+00:00,C003,Historical contract #4,0.2497,0.7461,2422.0742451289293,8459.81803491816,0,29,Crypto
2026-08-16T11:47:28.593637+00:00,C003,Historical contract #4,0.2609,0.7354,3925.3009256016326,497.9670799554509,0,30,Crypto
2026-08-17T11:47:28.593637+00:00,C003,Historical contract #4,0.2427,0.7451,1853.569410474662,831.1919306036335,0,31,Crypto
2026-08-18T11:47:28.593637+00:00,C003,Historical contract #4,0.2364,0.7501,2540.1355327741385,141.2351813654088,0,32,Crypto
2026-08-19T11:47:28.593637+00:00,C003,Historical contract #4,0.2431,0.7466,570.2989468792765,634.7752536047125,0,33,Crypto
2026-08-20T11:47:28.593637+00:00,C003,Historical contract #4,0.2363,0.7549,3515.1078484964833,227.29753063639134,0,34,Crypto
2026-08-21T11:47:28.593637+00:00,C003,Historical contract #4,0.2197,0.7791,1741.8972708718002,831.3837054673194,0,35,Crypto
2026-08-22T11:47:28.593637+00:00,C003,Historical contract #4,0.1926,0.8258,1901.5067832319935,146.41469868635636,0,36,Crypto
2026-08-23T11:47:28.593637+00:00,C003,Historical contract #4,0.1496,0.8405,1515.083975485851,612.3254419954662,0,37,Crypto
2026-08-24T11:47:28.593637+00:00,C003,Historical contract #4,0.1508,0.8653,3858.831467030254,273.4492588074432,0,38,Crypto
2026-08-25T11:47:28.593637+00:00,C003,Historical contract #4,0.128,0.8549,2278.1826795244283,1800.7488820005399,0,39,Crypto
2026-08-26T11:47:28.593637+00:00,C003,Historical contract #4,0.1225,0.8614,462.57361410143494,341.5761434374243,0,40,Crypto
2026-08-27T11:47:28.593637+00:00,C003,Historical contract #4,0.1143,0.8723,1864.7175975453786,518.3252470837593,0,41,Crypto
2026-08-28T11:47:28.593637+00:00,C003,Historical contract #4,0.1386,0.8648,907.0028863547101,975.6466001343301,0,42,Crypto
2026-08-29T11:47:28.593637+00:00,C003,Historical contract #4,0.1066,0.8896,1962.6336455496341,591.1359401115653,0,43,Crypto
2026-08-30T11:47:28.593637+00:00,C003,Historical contract #4,0.1409,0.8768,9397.871781672271,555.3812643106927,0,44,Crypto
2026-08-31T11:47:28.593637+00:00,C003,Historical contract #4,0.1118,0.8788,764.3332152860264,364.52506763647216,0,45,Crypto
2026-09-01T11:47:28.593637+00:00,C003,Historical contract #4,0.1197,0.8783,1099.120770682222,1465.4594881111473,0,46,Crypto
2026-09-02T11:47:28.593637+00:00,C003,Historical contract #4,0.1406,0.8744,836.8671271699588,1015.9005359921084,0,47,Crypto
2026-09-03T11:47:28.593637+00:00,C003,Historical contract #4,0.1616,0.8282,1402.027610562651,332.41885823841994,0,48,Crypto
2026-09-04T11:47:28.593637+00:00,C003,Historical contract #4,0.1536,0.8575,1582.9947231720118,2998.117600357537,0,49,Crypto
2026-09-05T11:47:28.593637+00:00,C003,Historical contract #4,0.1401,0.8614,1501.4469208670116,706.6748296801932,0,50,Crypto
2026-09-06T11:47:28.593637+00:00,C003,Historical contract #4,0.1312,0.8869,4592.804085684659,2484.719855778646,0,51,Crypto
2026-09-07T11:47:28.593637+00:00,C003,Historical contract #4,0.1288,0.8734,720.0411712389282,619.9870595126346,0,52,Crypto
2026-09-08T11:47:28.593637+00:00,C003,Historical contract #4,0.1384,0.8464,2141.5556565535176,1351.695713988558,0,53,Crypto
2026-09-09T11:47:28.593637+00:00,C003,Historical contract #4,0.1366,0.862,2278.989280338501,500.4167981847354,0,54,Crypto
2026-09-10T11:47:28.593637+00:00,C003,Historical contract #4,0.1311,0.8885,2456.0474008669244,35.9191198412623,0,55,Crypto
2026-09-11T11:47:28.593637+00:00,C003,Historical contract #4,0.0843,0.9018,2649.2277722459303,262.44905208211094,0,56,Crypto
2026-09-12T11:47:28.593637+00:00,C003,Historical contract #4,0.0638,0.9299,1227.5503715858267,4001.1466035875164,0,57,Crypto
2026-09-13T11:47:28.593637+00:00,C003,Historical contract #4,0.0596,0.9522,6591.258093758129,738.6481512995786,0,58,Crypto
2026-09-14T11:47:28.593637+00:00,C003,Historical contract #4,0.0351,0.9705,1757.2606225941443,223.23090367291363,0,59,Crypto
2026-07-17T11:47:28.593637+00:00,C004,Historical contract #5,0.4632,0.5229,1660.7996056104844,795.1236321682844,1,0,Macro
2026-07-18T11:47:28.593637+00:00,C004,Historical contract #5,0.4629,0.5299,785.8216779896533,1609.6038508383717,1,1,Macro
2026-07-19T11:47:28.593637+00:00,C004,Historical contract #5,0.4436,0.5604,2578.7244785496273,963.6188617733242,1,2,Macro
2026-07-20T11:47:28.593637+00:00,C004,Historical contract #5,0.4063,0.5808,3256.689520646118,897.4067016494981,1,3,Macro
2026-07-21T11:47:28.593637+00:00,C004,Historical contract #5,0.4194,0.5786,2356.2628953217854,522.1235221827827,1,4,Macro
2026-07-22T11:47:28.593637+00:00,C004,Historical contract #5,0.4097,0.5824,5904.202169758943,2794.7447110240596,1,5,Macro
2026-07-23T11:47:28.593637+00:00,C004,Historical contract #5,0.439,0.5571,2397.486391021821,1228.3883411398463,1,6,Macro
2026-07-24T11:47:28.593637+00:00,C004,Historical contract #5,0.4416,0.5747,3494.6989216304673,634.3328921871405,1,7,Macro
2026-07-25T11:47:28.593637+00:00,C004,Historical contract #5,0.4283,0.5681,3002.2830719059602,666.7363116948968,1,8,Macro
2026-07-26T11:47:28.593637+00:00,C004,Historical contract #5,0.4399,0.5668,1339.6006547455518,1218.0402953147486,1,9,Macro
2026-07-27T11:47:28.593637+00:00,C004,Historical contract #5,0.452,0.541,5732.137821870235,445.5922093676532,1,10,Macro
2026-07-28T11:47:28.593637+00:00,C004,Historical contract #5,0.4232,0.5666,798.8425531420379,693.4912724761033,1,11,Macro
2026-07-29T11:47:28.593637+00:00,C004,Historical contract #5,0.4279,0.5576,2968.350149969834,872.9692125519038,1,12,Macro
2026-07-30T11:47:28.593637+00:00,C004,Historical contract #5,0.4452,0.5429,2959.8910357733644,123.17884535540432,1,13,Macro
2026-07-31T11:47:28.593637+00:00,C004,Historical contract #5,0.4478,0.5566,1860.960332828088,662.6809298402183,1,14,Macro
2026-08-01T11:47:28.593637+00:00,C004,Historical contract #5,0.4798,0.5393,2126.473044461645,445.72899735177396,1,15,Macro
2026-08-02T11:47:28.593637+00:00,C004,Historical contract #5,0.4973,0.4987,1806.0291578676863,1463.9727098996893,1,16,Macro
2026-08-03T11:47:28.593637+00:00,C004,Historical contract #5,0.4928,0.5246,3108.579333800718,309.8742426478294,1,17,Macro
2026-08-04T11:47:28.593637+00:00,C004,Historical contract #5,0.5212,0.4784,1961.6489703001157,361.4563305382937,1,18,Macro
2026-08-05T11:47:28.593637+00:00,C004,Historical contract #5,0.5101,0.5064,2790.777669694269,309.66772446910625,1,19,Macro
2026-08-06T11:47:28.593637+00:00,C004,Historical contract #5,0.5282,0.4816,1535.7054522319156,726.1221153627145,1,20,Macro
2026-08-07T11:47:28.593637+00:00,C004,Historical contract #5,0.5853,0.413,5870.010215980585,749.8505583851098,1,21,Macro
2026-08-08T11:47:28.593637+00:00,C004,Historical contract #5,0.5946,0.3957,2580.6109560597583,588.1911125948295,1,22,Macro
2026-08-09T11:47:28.593637+00:00,C004,Historical contract #5,0.625,0.3877,4472.879473554929,397.22636369767315,1,23,Macro
2026-08-10T11:47:28.593637+00:00,C004,Historical contract #5,0.622,0.3714,2601.9565917309687,2113.50030758694,1,24,Macro
2026-08-11T11:47:28.593637+00:00,C004,Historical contract #5,0.6207,0.3903,741.2266356002311,553.6683587924994,1,25,Macro
2026-08-12T11:47:28.593637+00:00,C004,Historical contract #5,0.5907,0.397,2167.714871093905,1910.6725093283528,1,26,Macro
2026-08-13T11:47:28.593637+00:00,C004,Historical contract #5,0.6549,0.3624,5700.106428507738,808.3555382460697,1,27,Macro
2026-08-14T11:47:28.593637+00:00,C004,Historical contract #5,0.6517,0.3599,1899.8556468838424,726.5567400344095,1,28,Macro
2026-08-15T11:47:28.593637+00:00,C004,Historical contract #5,0.6454,0.339,525.894087543078,1121.6946562045443,1,29,Macro
2026-08-16T11:47:28.593637+00:00,C004,Historical contract #5,0.6442,0.3579,1820.3871939607232,1256.324661815751,1,30,Macro
2026-08-17T11:47:28.593637+00:00,C004,Historical contract #5,0.6539,0.3658,4822.4354741243405,2352.7694494327293,1,31,Macro
2026-08-18T11:47:28.593637+00:00,C004,Historical contract #5,0.6699,0.3492,4883.2584805814495,1642.6719832946646,1,32,Macro
2026-08-19T11:47:28.593637+00:00,C004,Historical contract #5,0.6874,0.2946,2740.041810787538,276.47761530024496,1,33,Macro
2026-08-20T11:47:28.593637+00:00,C004,Historical contract #5,0.7056,0.3077,957.494939477609,1887.2047673619727,1,34,Macro
2026-08-21T11:47:28.593637+00:00,C004,Historical contract #5,0.7254,0.2846,1454.853508436843,264.59515132820496,1,35,Macro
2026-08-22T11:47:28.593637+00:00,C004,Historical contract #5,0.7221,0.2637,1925.9814733441488,1647.3848711686248,1,36,Macro
2026-08-23T11:47:28.593637+00:00,C004,Historical contract #5,0.7184,0.2829,819.8310483667613,953.6090841550811,1,37,Macro
2026-08-24T11:47:28.593637+00:00,C004,Historical contract #5,0.7241,0.2734,1497.1768448279786,574.0172239711931,1,38,Macro
2026-08-25T11:47:28.593637+00:00,C004,Historical contract #5,0.725,0.2879,1671.109737435089,547.2376188578945,1,39,Macro
2026-08-26T11:47:28.593637+00:00,C004,Historical contract #5,0.6907,0.3222,1464.8985361249802,384.2594052640167,1,40,Macro
2026-08-27T11:47:28.593637+00:00,C004,Historical contract #5,0.7327,0.263,5068.272959763253,698.7993913317637,1,41,Macro
2026-08-28T11:47:28.593637+00:00,C004,Historical contract #5,0.7431,0.2571,1813.541788189783,2630.7809031255024,1,42,Macro
2026-08-29T11:47:28.593637+00:00,C004,Historical contract #5,0.7063,0.2825,1170.8243298717932,672.9172098769799,1,43,Macro
2026-08-30T11:47:28.593637+00:00,C004,Historical contract #5,0.7367,0.2468,1329.5599073067503,1503.0248971613826,1,44,Macro
2026-08-31T11:47:28.593637+00:00,C004,Historical contract #5,0.7709,0.2251,3905.4412732002743,827.2576636331562,1,45,Macro
2026-09-01T11:47:28.593637+00:00,C004,Historical contract #5,0.7696,0.2283,1975.3294984200659,665.854965565217,1,46,Macro
2026-09-02T11:47:28.593637+00:00,C004,Historical contract #5,0.8108,0.2041,581.6405608332971,257.32597307320873,1,47,Macro
2026-09-03T11:47:28.593637+00:00,C004,Historical contract #5,0.8106,0.181,541.3897701278258,302.4371762704083,1,48,Macro
2026-09-04T11:47:28.593637+00:00,C004,Historical contract #5,0.802,0.2111,7641.838986214913,478.47332674146935,1,49,Macro
2026-09-05T11:47:28.593637+00:00,C004,Historical contract #5,0.8062,0.1979,392.87663998234285,605.7672587760526,1,50,Macro
2026-09-06T11:47:28.593637+00:00,C004,Historical contract #5,0.7986,0.2118,502.6204540527606,361.55726315358635,1,51,Macro
2026-09-07T11:47:28.593637+00:00,C004,Historical contract #5,0.8165,0.1743,2524.9525942874993,231.27530852498458,1,52,Macro
2026-09-08T11:47:28.593637+00:00,C004,Historical contract #5,0.8475,0.1596,2999.7563020054477,659.504673595016,1,53,Macro
2026-09-09T11:47:28.593637+00:00,C004,Historical contract #5,0.8307,0.1851,2421.8596964849426,1086.1257703021818,1,54,Macro
2026-09-10T11:47:28.593637+00:00,C004,Historical contract #5,0.8426,0.1562,4048.123084638473,541.6806964399447,1,55,Macro
2026-09-11T11:47:28.593637+00:00,C004,Historical contract #5,0.8722,0.1164,8676.62303447408,249.0366552181835,1,56,Macro
2026-09-12T11:47:28.593637+00:00,C004,Historical contract #5,0.8652,0.1233,775.3970023815541,230.89593088658827,1,57,Macro
2026-09-13T11:47:28.593637+00:00,C004,Historical contract #5,0.8697,0.1173,1665.8364267964973,395.26210573872856,1,58,Macro
2026-09-14T11:47:28.593637+00:00,C004,Historical contract #5,0.8713,0.1232,894.6139613028281,4127.00112282589,1,59,Macro
2026-07-17T11:47:28.593637+00:00,C005,Historical contract #6,0.3499,0.6673,216.7258806226345,220.87403872799453,0,0,Politics
2026-07-18T11:47:28.593637+00:00,C005,Historical contract #6,0.3142,0.6906,694.8616913866168,1919.7774435880642,0,1,Politics
2026-07-19T11:47:28.593637+00:00,C005,Historical contract #6,0.3183,0.6944,2511.878256188965,1243.9499763734154,0,2,Politics
2026-07-20T11:47:28.593637+00:00,C005,Historical contract #6,0.3039,0.6922,3238.842808951931,419.34005010943594,0,3,Politics
2026-07-21T11:47:28.593637+00:00,C005,Historical contract #6,0.32,0.6923,1164.8619988911623,270.9096185002165,0,4,Politics
2026-07-22T11:47:28.593637+00:00,C005,Historical contract #6,0.298,0.7018,290.6569109998608,712.8025357053807,0,5,Politics
2026-07-23T11:47:28.593637+00:00,C005,Historical contract #6,0.3086,0.6948,1846.9081931971928,1049.878402088701,0,6,Politics
2026-07-24T11:47:28.593637+00:00,C005,Historical contract #6,0.3227,0.6615,5022.005654980602,298.5587866951656,0,7,Politics
2026-07-25T11:47:28.593637+00:00,C005,Historical contract #6,0.3551,0.6413,4170.946427046526,702.3201125277685,0,8,Politics
2026-07-26T11:47:28.593637+00:00,C005,Historical contract #6,0.3399,0.6774,1576.1625277206374,191.04202151025098,0,9,Politics
2026-07-27T11:47:28.593637+00:00,C005,Historical contract #6,0.3537,0.649,955.7259497963403,846.894893282808,0,10,Politics
2026-07-28T11:47:28.593637+00:00,C005,Historical contract #6,0.3308,0.662,3359.6623710181884,644.947804667541,0,11,Politics
2026-07-29T11:47:28.593637+00:00,C005,Historical contract #6,0.3598,0.6269,4021.736550120863,719.0498806620403,0,12,Politics
2026-07-30T11:47:28.593637+00:00,C005,Historical contract #6,0.3647,0.6378,1737.7612571429713,606.4370292684371,0,13,Politics
2026-07-31T11:47:28.593637+00:00,C005,Historical contract #6,0.3354,0.6817,3041.7832093846337,1069.3900903543786,0,14,Politics
2026-08-01T11:47:28.593637+00:00,C005,Historical contract #6,0.3571,0.6607,1339.490032999792,896.4494044937576,0,15,Politics
2026-08-02T11:47:28.593637+00:00,C005,Historical contract #6,0.3315,0.6487,1119.0108906007436,2430.995801648922,0,16,Politics
2026-08-03T11:47:28.593637+00:00,C005,Historical contract #6,0.3287,0.6524,4698.012648283836,117.15615138113037,0,17,Politics
2026-08-04T11:47:28.593637+00:00,C005,Historical contract #6,0.2779,0.7207,1897.6560743211553,812.6959385008162,0,18,Politics
2026-08-05T11:47:28.593637+00:00,C005,Historical contract #6,0.2476,0.7675,8980.47026819613,1286.0871822313686,0,19,Politics
2026-08-06T11:47:28.593637+00:00,C005,Historical contract #6,0.251,0.7354,1318.6209287549102,121.10303214956122,0,20,Politics
2026-08-07T11:47:28.593637+00:00,C005,Historical contract #6,0.2548,0.7639,512.6044721128791,391.8450520063656,0,21,Politics
2026-08-08T11:47:28.593637+00:00,C005,Historical contract #6,0.2288,0.7749,1887.0787953849692,125.52165280608108,0,22,Politics
2026-08-09T11:47:28.593637+00:00,C005,Historical contract #6,0.2414,0.7579,1478.9947744946837,91.41715862908,0,23,Politics
2026-08-10T11:47:28.593637+00:00,C005,Historical contract #6,0.219,0.778,195.9000490664222,503.70021029156015,0,24,Politics
2026-08-11T11:47:28.593637+00:00,C005,Historical contract #6,0.1955,0.8163,1053.537510578459,918.8870565407889,0,25,Politics
2026-08-12T11:47:28.593637+00:00,C005,Historical contract #6,0.2096,0.8054,1537.0902268861453,898.5977526599498,0,26,Politics
2026-08-13T11:47:28.593637+00:00,C005,Historical contract #6,0.1797,0.8279,983.9675526337912,424.7057892995306,0,27,Politics
2026-08-14T11:47:28.593637+00:00,C005,Historical contract #6,0.1827,0.822,2171.1581701995465,1442.2692472474696,0,28,Politics
2026-08-15T11:47:28.593637+00:00,C005,Historical contract #6,0.1908,0.7978,1637.5435532106821,1204.2630985458613,0,29,Politics
2026-08-16T11:47:28.593637+00:00,C005,Historical contract #6,0.1533,0.8305,3645.4492331887704,825.571890970288,0,30,Politics
2026-08-17T11:47:28.593637+00:00,C005,Historical contract #6,0.1665,0.8525,2630.2711607529654,1125.8689408302332,0,31,Politics
2026-08-18T11:47:28.593637+00:00,C005,Historical contract #6,0.2228,0.7826,954.9832385834659,936.5820379153256,0,32,Politics
2026-08-19T11:47:28.593637+00:00,C005,Historical contract #6,0.2244,0.777,791.620716939983,4221.203422867479,0,33,Politics
2026-08-20T11:47:28.593637+00:00,C005,Historical contract #6,0.2227,0.7856,3762.1438313931526,609.5273853463501,0,34,Politics
2026-08-21T11:47:28.593637+00:00,C005,Historical contract #6,0.2088,0.8086,643.2247428039847,881.9203652812452,0,35,Politics
2026-08-22T11:47:28.593637+00:00,C005,Historical contract #6,0.2395,0.7468,1338.132570636598,443.3306037870439,0,36,Politics
2026-08-23T11:47:28.593637+00:00,C005,Historical contract #6,0.2182,0.7777,1336.4268128775038,1384.4374362028693,0,37,Politics
2026-08-24T11:47:28.593637+00:00,C005,Historical contract #6,0.1729,0.8195,1334.418345832904,899.2474335266846,0,38,Politics
2026-08-25T11:47:28.593637+00:00,C005,Historical contract #6,0.1456,0.8381,4897.63624211134,1433.2106561241987,0,39,Politics
2026-08-26T11:47:28.593637+00:00,C005,Historical contract #6,0.1139,0.9052,2499.595180909926,184.15595908045435,0,40,Politics
2026-08-27T11:47:28.593637+00:00,C005,Historical contract #6,0.1159,0.896,2821.0381064848275,766.4803742082486,0,41,Politics
2026-08-28T11:47:28.593637+00:00,C005,Historical contract #6,0.123,0.8958,4821.436192585647,67.1115417225622,0,42,Politics
2026-08-29T11:47:28.593637+00:00,C005,Historical contract #6,0.1161,0.8794,445.1098661054177,717.1940507465891,0,43,Politics
2026-08-30T11:47:28.593637+00:00,C005,Historical contract #6,0.1407,0.8424,2366.389727468923,319.6866247022273,0,44,Politics
2026-08-31T11:47:28.593637+00:00,C005,Historical contract #6,0.1224,0.8821,1171.3986531893147,962.7271046460984,0,45,Politics
2026-09-01T11:47:28.593637+00:00,C005,Historical contract #6,0.082,0.9371,2928.1378592358988,574.7873382582032,0,46,Politics
2026-09-02T11:47:28.593637+00:00,C005,Historical contract #6,0.0957,0.9234,4656.524313700758,513.2752133602639,0,47,Politics
2026-09-03T11:47:28.593637+00:00,C005,Historical contract #6,0.091,0.8916,1136.2389015185358,1159.491109692062,0,48,Politics
2026-09-04T11:47:28.593637+00:00,C005,Historical contract #6,0.0953,0.9062,1795.3661230767202,1002.8085063649014,0,49,Politics
2026-09-05T11:47:28.593637+00:00,C005,Historical contract #6,0.0847,0.9201,515.7672856015228,1823.9319445758297,0,50,Politics
2026-09-06T11:47:28.593637+00:00,C005,Historical contract #6,0.1105,0.8731,10758.150027935604,1474.9689627604937,0,51,Politics
2026-09-07T11:47:28.593637+00:00,C005,Historical contract #6,0.1237,0.8714,1519.625304759458,562.5460167951379,0,52,Politics
2026-09-08T11:47:28.593637+00:00,C005,Historical contract #6,0.1225,0.8704,2090.2759595172565,320.8087340585909,0,53,Politics
2026-09-09T11:47:28.593637+00:00,C005,Historical contract #6,0.1293,0.8599,3052.534849899643,1207.6107807610285,0,54,Politics
2026-09-10T11:47:28.593637+00:00,C005,Historical contract #6,0.1123,0.8752,902.7496346840587,179.76121758271316,0,55,Politics
2026-09-11T11:47:28.593637+00:00,C005,Historical contract #6,0.1072,0.8931,1271.5727973839862,62.5211525649899,0,56,Politics
2026-09-12T11:47:28.593637+00:00,C005,Historical contract #6,0.0724,0.9268,1062.414258807596,887.5575303031728,0,57,Politics
2026-09-13T11:47:28.593637+00:00,C005,Historical contract #6,0.039,0.9501,1611.2698470209707,838.8503447426066,0,58,Politics
2026-09-14T11:47:28.593637+00:00,C005,Historical contract #6,0.0842,0.9146,1414.8057237816747,413.8170020639192,0,59,Politics
2026-07-17T11:47:28.593637+00:00,C006,Historical contract #7,0.5155,0.4816,1650.167515980063,4186.713235536242,0,0,Crypto
2026-07-18T11:47:28.593637+00:00,C006,Historical contract #7,0.4749,0.519,2406.3239695805164,1437.079859930994,0,1,Crypto
2026-07-19T11:47:28.593637+00:00,C006,Historical contract #7,0.4236,0.5713,2611.721245559617,1466.8060986371677,0,2,Crypto
2026-07-20T11:47:28.593637+00:00,C006,Historical contract #7,0.3947,0.6148,608.9847990982261,212.36168413520457,0,3,Crypto
2026-07-21T11:47:28.593637+00:00,C006,Historical contract #7,0.3335,0.6518,4447.223008658945,658.0410862334031,0,4,Crypto
2026-07-22T11:47:28.593637+00:00,C006,Historical contract #7,0.271,0.7447,1587.2540707353853,3557.4490221598994,0,5,Crypto
2026-07-23T11:47:28.593637+00:00,C006,Historical contract #7,0.2335,0.7527,7077.543367157384,953.3505487167525,0,6,Crypto
2026-07-24T11:47:28.593637+00:00,C006,Historical contract #7,0.2415,0.7738,2354.1966686856003,1239.0343735503807,0,7,Crypto
2026-07-25T11:47:28.593637+00:00,C006,Historical contract #7,0.2203,0.774,602.8073058230791,864.9696142370575,0,8,Crypto
2026-07-26T11:47:28.593637+00:00,C006,Historical contract #7,0.2216,0.7708,1775.5256159559665,404.22347374697426,0,9,Crypto
2026-07-27T11:47:28.593637+00:00,C006,Historical contract #7,0.1971,0.7857,747.5559049527171,861.123533816445,0,10,Crypto
2026-07-28T11:47:28.593637+00:00,C006,Historical contract #7,0.1742,0.8384,702.6203797883625,422.82740405240406,0,11,Crypto
2026-07-29T11:47:28.593637+00:00,C006,Historical contract #7,0.1647,0.8297,2354.8491671811585,561.5006646962252,0,12,Crypto
2026-07-30T11:47:28.593637+00:00,C006,Historical contract #7,0.1786,0.811,1746.7166912880562,3287.9230158919804,0,13,Crypto
2026-07-31T11:47:28.593637+00:00,C006,Historical contract #7,0.1825,0.8027,2803.160203172726,1361.6931867796184,0,14,Crypto
2026-08-01T11:47:28.593637+00:00,C006,Historical contract #7,0.1428,0.8467,2139.2980343405025,375.44002965819567,0,15,Crypto
2026-08-02T11:47:28.593637+00:00,C006,Historical contract #7,0.1746,0.8311,384.6659946659617,241.1909314537135,0,16,Crypto
2026-08-03T11:47:28.593637+00:00,C006,Historical contract #7,0.12,0.8956,1555.0962163859665,473.63161319423585,0,17,Crypto
2026-08-04T11:47:28.593637+00:00,C006,Historical contract #7,0.1495,0.8337,1577.646188807671,120.57175658377813,0,18,Crypto
2026-08-05T11:47:28.593637+00:00,C006,Historical contract #7,0.1649,0.8314,2315.8064308636795,1458.5291850793162,0,19,Crypto
2026-08-06T11:47:28.593637+00:00,C006,Historical contract #7,0.1418,0.8425,839.2073349794429,1211.213879314189,0,20,Crypto
2026-08-07T11:47:28.593637+00:00,C006,Historical contract #7,0.1112,0.9086,6082.036790998756,539.8439636503194,0,21,Crypto
2026-08-08T11:47:28.593637+00:00,C006,Historical contract #7,0.1352,0.8608,1662.4263573197297,1980.4517613195987,0,22,Crypto
2026-08-09T11:47:28.593637+00:00,C006,Historical contract #7,0.1336,0.8602,950.8990699187347,1033.7553099981337,0,23,Crypto
2026-08-10T11:47:28.593637+00:00,C006,Historical contract #7,0.1443,0.8435,1012.852599192804,417.6412960292636,0,24,Crypto
2026-08-11T11:47:28.593637+00:00,C006,Historical contract #7,0.1377,0.8757,1093.6796477045991,371.33759625453894,0,25,Crypto
2026-08-12T11:47:28.593637+00:00,C006,Historical contract #7,0.1543,0.8582,1608.9734300567125,486.0775423351842,0,26,Crypto
2026-08-13T11:47:28.593637+00:00,C006,Historical contract #7,0.1552,0.8519,722.3677326754082,313.507421506396,0,27,Crypto
2026-08-14T11:47:28.593637+00:00,C006,Historical contract #7,0.14,0.8786,2058.324635704136,1192.4586403626386,0,28,Crypto
2026-08-15T11:47:28.593637+00:00,C006,Historical contract #7,0.1075,0.8827,1516.3347660946877,874.1106316057218,0,29,Crypto
2026-08-16T11:47:28.593637+00:00,C006,Historical contract #7,0.1108,0.9026,658.581685228821,680.9840336780466,0,30,Crypto
2026-08-17T11:47:28.593637+00:00,C006,Historical contract #7,0.1339,0.8858,2384.11022835218,1722.7852719321681,0,31,Crypto
2026-08-18T11:47:28.593637+00:00,C006,Historical contract #7,0.1294,0.883,1030.2376010805922,604.5636998375307,0,32,Crypto
2026-08-19T11:47:28.593637+00:00,C006,Historical contract #7,0.0957,0.8991,3843.7842457564084,302.4766419576005,0,33,Crypto
2026-08-20T11:47:28.593637+00:00,C006,Historical contract #7,0.0899,0.9093,585.241298077184,578.784282996044,0,34,Crypto
2026-08-21T11:47:28.593637+00:00,C006,Historical contract #7,0.0789,0.9404,2596.788414203593,859.7827293687125,0,35,Crypto
2026-08-22T11:47:28.593637+00:00,C006,Historical contract #7,0.0884,0.9015,769.6416252591824,636.5430855322827,0,36,Crypto
2026-08-23T11:47:28.593637+00:00,C006,Historical contract #7,0.1138,0.8849,579.7454225374202,518.072734593405,0,37,Crypto
2026-08-24T11:47:28.593637+00:00,C006,Historical contract #7,0.1394,0.8522,2113.7320859834226,558.833874292142,0,38,Crypto
2026-08-25T11:47:28.593637+00:00,C006,Historical contract #7,0.1258,0.8648,1477.4910622337998,642.8665135077324,0,39,Crypto
2026-08-26T11:47:28.593637+00:00,C006,Historical contract #7,0.123,0.8948,2767.5106120609735,6845.8350109386965,0,40,Crypto
2026-08-27T11:47:28.593637+00:00,C006,Historical contract #7,0.0829,0.9131,984.2185037963053,1055.6606537593923,0,41,Crypto
2026-08-28T11:47:28.593637+00:00,C006,Historical contract #7,0.0848,0.9265,4630.431138479056,775.8326922869012,0,42,Crypto
2026-08-29T11:47:28.593637+00:00,C006,Historical contract #7,0.1076,0.9063,6453.396357993811,897.891935086845,0,43,Crypto
2026-08-30T11:47:28.593637+00:00,C006,Historical contract #7,0.1254,0.8668,930.1855614785768,747.5122068127745,0,44,Crypto
2026-08-31T11:47:28.593637+00:00,C006,Historical contract #7,0.1181,0.8931,4305.343173329935,162.0368450184551,0,45,Crypto
2026-09-01T11:47:28.593637+00:00,C006,Historical contract #7,0.1312,0.8839,1536.0577506808859,205.0200568186013,0,46,Crypto
2026-09-02T11:47:28.593637+00:00,C006,Historical contract #7,0.1323,0.8776,1250.5152505287253,1117.350133747446,0,47,Crypto
2026-09-03T11:47:28.593637+00:00,C006,Historical contract #7,0.0929,0.9072,1643.634011577754,1695.3263155513841,0,48,Crypto
2026-09-04T11:47:28.593637+00:00,C006,Historical contract #7,0.0851,0.9263,1205.5821523221118,1841.4456380993322,0,49,Crypto
2026-09-05T11:47:28.593637+00:00,C006,Historical contract #7,0.0923,0.9148,1496.4379515112541,189.85456421096328,0,50,Crypto
2026-09-06T11:47:28.593637+00:00,C006,Historical contract #7,0.0949,0.9235,3299.2061986936387,737.2280496646986,0,51,Crypto
2026-09-07T11:47:28.593637+00:00,C006,Historical contract #7,0.1366,0.8575,1665.4827946973458,2803.5175084020066,0,52,Crypto
2026-09-08T11:47:28.593637+00:00,C006,Historical contract #7,0.1476,0.8362,2162.8324102137335,666.2063684843928,0,53,Crypto
2026-09-09T11:47:28.593637+00:00,C006,Historical contract #7,0.1382,0.8733,1683.3542812645032,185.222554578618,0,54,Crypto
2026-09-10T11:47:28.593637+00:00,C006,Historical contract #7,0.1268,0.8653,1507.2837514966918,182.7207968554474,0,55,Crypto
2026-09-11T11:47:28.593637+00:00,C006,Historical contract #7,0.1336,0.8727,1011.4982452831015,531.402449336563,0,56,Crypto
2026-09-12T11:47:28.593637+00:00,C006,Historical contract #7,0.0891,0.9194,1175.8551192051636,1777.0974207770078,0,57,Crypto
2026-09-13T11:47:28.593637+00:00,C006,Historical contract #7,0.068,0.926,1175.3803046127448,811.0729888773482,0,58,Crypto
2026-09-14T11:47:28.593637+00:00,C006,Historical contract #7,0.0594,0.9584,1178.6805683390264,189.04354776954105,0,59,Crypto
2026-07-17T11:47:28.593637+00:00,C007,Historical contract #8,0.6719,0.3293,1245.616003065574,4445.667209335275,0,0,Macro
2026-07-18T11:47:28.593637+00:00,C007,Historical contract #8,0.6426,0.3385,733.3606362208366,448.2176443350691,0,1,Macro
2026-07-19T11:47:28.593637+00:00,C007,Historical contract #8,0.6536,0.3562,2185.1961910005584,3048.259252607959,0,2,Macro
2026-07-20T11:47:28.593637+00:00,C007,Historical contract #8,0.6492,0.3564,4104.902846529303,583.3790811356765,0,3,Macro
2026-07-21T11:47:28.593637+00:00,C007,Historical contract #8,0.6412,0.3528,3019.33707751409,607.5687103142154,0,4,Macro
2026-07-22T11:47:28.593637+00:00,C007,Historical contract #8,0.624,0.3922,1133.488942316505,435.83297936560007,0,5,Macro
2026-07-23T11:47:28.593637+00:00,C007,Historical contract #8,0.64,0.3485,4179.10433593439,217.42437077936327,0,6,Macro
2026-07-24T11:47:28.593637+00:00,C007,Historical contract #8,0.6264,0.3932,4455.452069152429,719.1595179747269,0,7,Macro
2026-07-25T11:47:28.593637+00:00,C007,Historical contract #8,0.6076,0.3956,1917.198436299881,685.4109503333973,0,8,Macro
2026-07-26T11:47:28.593637+00:00,C007,Historical contract #8,0.6069,0.3987,1523.0952808562806,209.8550410160523,0,9,Macro
2026-07-27T11:47:28.593637+00:00,C007,Historical contract #8,0.596,0.3979,605.0629861550965,571.5520703274797,0,10,Macro
2026-07-28T11:47:28.593637+00:00,C007,Historical contract #8,0.5789,0.4116,1324.9015783178324,2168.768842799008,0,11,Macro
2026-07-29T11:47:28.593637+00:00,C007,Historical contract #8,0.5891,0.4041,3093.2648853637943,357.9089108253814,0,12,Macro
2026-07-30T11:47:28.593637+00:00,C007,Historical contract #8,0.5744,0.4362,1219.9950303262012,1358.7013774889188,0,13,Macro
2026-07-31T11:47:28.593637+00:00,C007,Historical contract #8,0.5562,0.4602,1069.453752225429,423.04941870662594,0,14,Macro
2026-08-01T11:47:28.593637+00:00,C007,Historical contract #8,0.5764,0.4257,7100.746250494624,4081.0735717623584,0,15,Macro
2026-08-02T11:47:28.593637+00:00,C007,Historical contract #8,0.5493,0.4361,705.59382037709,357.0640786898859,0,16,Macro
2026-08-03T11:47:28.593637+00:00,C007,Historical contract #8,0.5325,0.4505,779.3733362286314,592.6313268754645,0,17,Macro
2026-08-04T11:47:28.593637+00:00,C007,Historical contract #8,0.5047,0.4842,867.65760284201,6295.907990801604,0,18,Macro
2026-08-05T11:47:28.593637+00:00,C007,Historical contract #8,0.4946,0.5158,641.447314723898,2604.180732135808,0,19,Macro
2026-08-06T11:47:28.593637+00:00,C007,Historical contract #8,0.5157,0.5014,615.5757206063603,787.2402713809303,0,20,Macro
2026-08-07T11:47:28.593637+00:00,C007,Historical contract #8,0.4871,0.5224,3454.2332453590748,717.9150381579478,0,21,Macro
2026-08-08T11:47:28.593637+00:00,C007,Historical contract #8,0.4347,0.5822,3134.4497059902324,1755.1453506935757,0,22,Macro
2026-08-09T11:47:28.593637+00:00,C007,Historical contract #8,0.4593,0.5387,2301.328503657098,1498.7881689193925,0,23,Macro
2026-08-10T11:47:28.593637+00:00,C007,Historical contract #8,0.4232,0.5569,2250.8741225125227,522.8990017474799,0,24,Macro
2026-08-11T11:47:28.593637+00:00,C007,Historical contract #8,0.3868,0.5945,1391.525151353297,590.838123016205,0,25,Macro
2026-08-12T11:47:28.593637+00:00,C007,Historical contract #8,0.3799,0.6068,1751.5124908403004,947.629576660089,0,26,Macro
2026-08-13T11:47:28.593637+00:00,C007,Historical contract #8,0.3774,0.619,1946.6850500016403,143.0604487232172,0,27,Macro
2026-08-14T11:47:28.593637+00:00,C007,Historical contract #8,0.3892,0.6108,1866.377791037533,1434.5226805626776,0,28,Macro
2026-08-15T11:47:28.593637+00:00,C007,Historical contract #8,0.3489,0.64,2250.804701250175,661.3654198361695,0,29,Macro
2026-08-16T11:47:28.593637+00:00,C007,Historical contract #8,0.3554,0.6479,3076.300259219204,1402.6394673209438,0,30,Macro
2026-08-17T11:47:28.593637+00:00,C007,Historical contract #8,0.3654,0.6402,334.9055292809203,1230.7622433051536,0,31,Macro
2026-08-18T11:47:28.593637+00:00,C007,Historical contract #8,0.3868,0.6143,894.5189234882982,1140.2872860347788,0,32,Macro
2026-08-19T11:47:28.593637+00:00,C007,Historical contract #8,0.3961,0.6233,897.0504115237915,554.9268661520772,0,33,Macro
2026-08-20T11:47:28.593637+00:00,C007,Historical contract #8,0.4,0.5907,739.6210188771742,926.7585131558161,0,34,Macro
2026-08-21T11:47:28.593637+00:00,C007,Historical contract #8,0.3982,0.602,2155.2627950113433,540.7922957762532,0,35,Macro
2026-08-22T11:47:28.593637+00:00,C007,Historical contract #8,0.4129,0.5805,1130.1926566547295,671.0129328782103,0,36,Macro
2026-08-23T11:47:28.593637+00:00,C007,Historical contract #8,0.4116,0.6024,633.8184773968927,130.29709560386,0,37,Macro
2026-08-24T11:47:28.593637+00:00,C007,Historical contract #8,0.3919,0.6103,1329.2363880196158,1129.0169213120284,0,38,Macro
2026-08-25T11:47:28.593637+00:00,C007,Historical contract #8,0.3598,0.6464,1423.0100687692013,1138.7556977532745,0,39,Macro
2026-08-26T11:47:28.593637+00:00,C007,Historical contract #8,0.3532,0.6501,1579.8395927317397,1533.01968278028,0,40,Macro
2026-08-27T11:47:28.593637+00:00,C007,Historical contract #8,0.3442,0.6601,3054.8765112433503,279.30699071508127,0,41,Macro
2026-08-28T11:47:28.593637+00:00,C007,Historical contract #8,0.3551,0.657,2279.949062601618,754.2970641866648,0,42,Macro
2026-08-29T11:47:28.593637+00:00,C007,Historical contract #8,0.3302,0.6859,1343.962292387689,803.081253710478,0,43,Macro
2026-08-30T11:47:28.593637+00:00,C007,Historical contract #8,0.3289,0.6775,1104.387109464806,255.82858117792603,0,44,Macro
2026-08-31T11:47:28.593637+00:00,C007,Historical contract #8,0.2874,0.7124,3241.7319914267055,2827.4531364870913,0,45,Macro
2026-09-01T11:47:28.593637+00:00,C007,Historical contract #8,0.3001,0.6889,3228.857818915897,2074.9349441134914,0,46,Macro
2026-09-02T11:47:28.593637+00:00,C007,Historical contract #8,0.2715,0.7093,362.73972256457887,823.3562169065641,0,47,Macro
2026-09-03T11:47:28.593637+00:00,C007,Historical contract #8,0.2333,0.7778,518.5506260007581,1026.886388918696,0,48,Macro
2026-09-04T11:47:28.593637+00:00,C007,Historical contract #8,0.2408,0.7582,728.117134921847,118.53183401330452,0,49,Macro
2026-09-05T11:47:28.593637+00:00,C007,Historical contract #8,0.2197,0.7693,522.7924133756619,955.672236150044,0,50,Macro
2026-09-06T11:47:28.593637+00:00,C007,Historical contract #8,0.1962,0.8167,1160.1934941453194,1567.1964965492566,0,51,Macro
2026-09-07T11:47:28.593637+00:00,C007,Historical contract #8,0.1956,0.7851,2966.932930183383,262.76771655110355,0,52,Macro
2026-09-08T11:47:28.593637+00:00,C007,Historical contract #8,0.182,0.8286,1241.5685181065278,942.3404948493005,0,53,Macro
2026-09-09T11:47:28.593637+00:00,C007,Historical contract #8,0.1523,0.8497,2811.5382071185495,64.47464820440139,0,54,Macro
2026-09-10T11:47:28.593637+00:00,C007,Historical contract #8,0.1648,0.8398,1104.5140898594173,1510.6245104797163,0,55,Macro
2026-09-11T11:47:28.593637+00:00,C007,Historical contract #8,0.1435,0.8661,753.7120139058544,1512.5081783387536,0,56,Macro
2026-09-12T11:47:28.593637+00:00,C007,Historical contract #8,0.0916,0.9073,1730.0720270639663,256.2321157049404,0,57,Macro
2026-09-13T11:47:28.593637+00:00,C007,Historical contract #8,0.0724,0.9369,3615.480921316489,1195.0487372101966,0,58,Macro
2026-09-14T11:47:28.593637+00:00,C007,Historical contract #8,0.0317,0.9669,906.3734976237939,1872.0848367127714,0,59,Macro
2026-07-17T11:47:28.593637+00:00,C008,Historical contract #9,0.3994,0.5903,952.1331870650927,239.91993856773408,0,0,Politics
2026-07-18T11:47:28.593637+00:00,C008,Historical contract #9,0.39,0.6177,315.98888313307157,490.90902393312416,0,1,Politics
2026-07-19T11:47:28.593637+00:00,C008,Historical contract #9,0.3433,0.6637,873.6830694422931,331.30093859857953,0,2,Politics
2026-07-20T11:47:28.593637+00:00,C008,Historical contract #9,0.3789,0.6313,2200.1851770625567,160.59430866385568,0,3,Politics
2026-07-21T11:47:28.593637+00:00,C008,Historical contract #9,0.3553,0.6455,796.6192770945473,1375.3317790030337,0,4,Politics
2026-07-22T11:47:28.593637+00:00,C008,Historical contract #9,0.3235,0.6825,1131.3407219749633,758.5862681372926,0,5,Politics
2026-07-23T11:47:28.593637+00:00,C008,Historical contract #9,0.307,0.6787,1496.8166918344916,369.6253015824526,0,6,Politics
2026-07-24T11:47:28.593637+00:00,C008,Historical contract #9,0.3147,0.6768,1684.3059246925218,471.3652792409029,0,7,Politics
2026-07-25T11:47:28.593637+00:00,C008,Historical contract #9,0.3267,0.6742,1414.6567055718288,723.2478881523241,0,8,Politics
2026-07-26T11:47:28.593637+00:00,C008,Historical contract #9,0.3542,0.6408,3347.220284139432,146.27129334122353,0,9,Politics
2026-07-27T11:47:28.593637+00:00,C008,Historical contract #9,0.3471,0.6428,2672.941471122352,762.4218891932031,0,10,Politics
2026-07-28T11:47:28.593637+00:00,C008,Historical contract #9,0.3249,0.6702,1477.859073757065,354.6809715206085,0,11,Politics
2026-07-29T11:47:28.593637+00:00,C008,Historical contract #9,0.3106,0.69,978.7011595093599,348.96601647085265,0,12,Politics
2026-07-30T11:47:28.593637+00:00,C008,Historical contract #9,0.2763,0.735,2796.87670080937,800.5735076482251,0,13,Politics
2026-07-31T11:47:28.593637+00:00,C008,Historical contract #9,0.2929,0.7177,2474.0425455958116,848.160545596529,0,14,Politics
2026-08-01T11:47:28.593637+00:00,C008,Historical contract #9,0.2851,0.7321,10628.794852713108,463.3298484591676,0,15,Politics
2026-08-02T11:47:28.593637+00:00,C008,Historical contract #9,0.2662,0.7357,2211.6265786647637,216.1919697691089,0,16,Politics
2026-08-03T11:47:28.593637+00:00,C008,Historical contract #9,0.2852,0.6955,743.4155119196748,1721.6308539577888,0,17,Politics
2026-08-04T11:47:28.593637+00:00,C008,Historical contract #9,0.2906,0.7086,7493.162913392139,1126.6882931101975,0,18,Politics
2026-08-05T11:47:28.593637+00:00,C008,Historical contract #9,0.2817,0.7361,2053.7819519000504,650.3648674356458,0,19,Politics
2026-08-06T11:47:28.593637+00:00,C008,Historical contract #9,0.2604,0.7365,2647.265167591037,672.9991804662177,0,20,Politics
2026-08-07T11:47:28.593637+00:00,C008,Historical contract #9,0.239,0.7514,1709.8500770106075,228.88519478140793,0,21,Politics
2026-08-08T11:47:28.593637+00:00,C008,Historical contract #9,0.2063,0.7849,225.53815535073107,783.9368131018106,0,22,Politics
2026-08-09T11:47:28.593637+00:00,C008,Historical contract #9,0.1977,0.8214,1218.3167021748254,1127.3075522037152,0,23,Politics
2026-08-10T11:47:28.593637+00:00,C008,Historical contract #9,0.1912,0.8045,3259.9568065095864,459.41568266091997,0,24,Politics
2026-08-11T11:47:28.593637+00:00,C008,Historical contract #9,0.2128,0.7942,2288.5512949063136,1391.4640959565374,0,25,Politics
2026-08-12T11:47:28.593637+00:00,C008,Historical contract #9,0.2237,0.785,981.6634651956601,220.67269793368084,0,26,Politics
2026-08-13T11:47:28.593637+00:00,C008,Historical contract #9,0.1991,0.8038,2692.8041037736753,721.841313772869,0,27,Politics
2026-08-14T11:47:28.593637+00:00,C008,Historical contract #9,0.1748,0.8067,678.7386694706506,1681.0261103233513,0,28,Politics
2026-08-15T11:47:28.593637+00:00,C008,Historical contract #9,0.2331,0.7768,1887.5374934886845,1060.4901740055266,0,29,Politics
2026-08-16T11:47:28.593637+00:00,C008,Historical contract #9,0.2148,0.7894,1116.3553537275595,277.4619501257013,0,30,Politics
2026-08-17T11:47:28.593637+00:00,C008,Historical contract #9,0.1795,0.8142,2249.1103441823257,901.2205980022995,0,31,Politics
2026-08-18T11:47:28.593637+00:00,C008,Historical contract #9,0.1714,0.8157,3911.3604975350713,648.1552850352051,0,32,Politics
2026-08-19T11:47:28.593637+00:00,C008,Historical contract #9,0.1806,0.81,1375.0944345490432,215.8251669184556,0,33,Politics
2026-08-20T11:47:28.593637+00:00,C008,Historical contract #9,0.1374,0.8535,1891.6360217504928,237.7205848238944,0,34,Politics
2026-08-21T11:47:28.593637+00:00,C008,Historical contract #9,0.1389,0.8565,322.20680635667037,319.86539683657475,0,35,Politics
2026-08-22T11:47:28.593637+00:00,C008,Historical contract #9,0.1482,0.8328,718.424102646876,755.0307224438881,0,36,Politics
2026-08-23T11:47:28.593637+00:00,C008,Historical contract #9,0.1676,0.8495,1675.3399357569806,457.42775027147724,0,37,Politics
2026-08-24T11:47:28.593637+00:00,C008,Historical contract #9,0.1504,0.8606,2113.463137726997,1100.503635964732,0,38,Politics
2026-08-25T11:47:28.593637+00:00,C008,Historical contract #9,0.1502,0.8472,1950.174288664709,1246.0713648968476,0,39,Politics
2026-08-26T11:47:28.593637+00:00,C008,Historical contract #9,0.164,0.8532,425.59354134597925,2286.5382802484305,0,40,Politics
2026-08-27T11:47:28.593637+00:00,C008,Historical contract #9,0.1627,0.821,1021.4152067281325,1233.3624698598683,0,41,Politics
2026-08-28T11:47:28.593637+00:00,C008,Historical contract #9,0.1502,0.8618,5545.29715600544,287.772513085621,0,42,Politics
2026-08-29T11:47:28.593637+00:00,C008,Historical contract #9,0.1283,0.8627,2470.9647629375054,989.3759862464038,0,43,Politics
2026-08-30T11:47:28.593637+00:00,C008,Historical contract #9,0.1432,0.8474,2674.4717177919056,540.574570074373,0,44,Politics
2026-08-31T11:47:28.593637+00:00,C008,Historical contract #9,0.1381,0.8527,2147.540491057892,1234.0193018864359,0,45,Politics
2026-09-01T11:47:28.593637+00:00,C008,Historical contract #9,0.1429,0.8572,946.4320829198557,702.1429434532212,0,46,Politics
2026-09-02T11:47:28.593637+00:00,C008,Historical contract #9,0.1345,0.8515,10564.13704021639,437.4584706952787,0,47,Politics
2026-09-03T11:47:28.593637+00:00,C008,Historical contract #9,0.1357,0.8773,1955.5006591677504,4316.827754196342,0,48,Politics
2026-09-04T11:47:28.593637+00:00,C008,Historical contract #9,0.1199,0.8988,954.2783535364423,502.0904144224271,0,49,Politics
2026-09-05T11:47:28.593637+00:00,C008,Historical contract #9,0.1182,0.8686,2333.8530895288186,1821.2746270331913,0,50,Politics
2026-09-06T11:47:28.593637+00:00,C008,Historical contract #9,0.1092,0.908,15727.846549518827,911.7721465532306,0,51,Politics
2026-09-07T11:47:28.593637+00:00,C008,Historical contract #9,0.0882,0.8941,850.5269243125922,1407.0568827422628,0,52,Politics
2026-09-08T11:47:28.593637+00:00,C008,Historical contract #9,0.0768,0.9237,1718.4758795773705,1194.1547911185944,0,53,Politics
2026-09-09T11:47:28.593637+00:00,C008,Historical contract #9,0.0566,0.9609,2163.4032635975555,1075.7436058053333,0,54,Politics
2026-09-10T11:47:28.593637+00:00,C008,Historical contract #9,0.0623,0.9412,3108.7869276787355,366.8346708193073,0,55,Politics
2026-09-11T11:47:28.593637+00:00,C008,Historical contract #9,0.0493,0.9348,5120.086840483372,1104.0463755812812,0,56,Politics
2026-09-12T11:47:28.593637+00:00,C008,Historical contract #9,0.06,0.9235,17156.277122320553,169.46037384638234,0,57,Politics
2026-09-13T11:47:28.593637+00:00,C008,Historical contract #9,0.0415,0.9511,915.3845974941207,280.8816487864081,0,58,Politics
2026-09-14T11:47:28.593637+00:00,C008,Historical contract #9,0.0338,0.9538,2363.8191975656987,693.227797393083,0,59,Politics
2026-07-17T11:47:28.593637+00:00,C009,Historical contract #10,0.315,0.6786,2181.013362993149,149.9065646832044,1,0,Crypto
2026-07-18T11:47:28.593637+00:00,C009,Historical contract #10,0.342,0.6679,1833.2904719101236,603.3852132803155,1,1,Crypto
2026-07-19T11:47:28.593637+00:00,C009,Historical contract #10,0.3766,0.6181,2805.077086118982,1189.0128323116598,1,2,Crypto
2026-07-20T11:47:28.593637+00:00,C009,Historical contract #10,0.3976,0.5971,1862.0706483025472,763.8761828664722,1,3,Crypto
2026-07-21T11:47:28.593637+00:00,C009,Historical contract #10,0.3978,0.5926,1828.5117549328645,559.9685757279009,1,4,Crypto
2026-07-22T11:47:28.593637+00:00,C009,Historical contract #10,0.4198,0.5816,1569.5004219754424,715.2556411688257,1,5,Crypto
2026-07-23T11:47:28.593637+00:00,C009,Historical contract #10,0.4677,0.551,1428.7022892179705,461.77374565564054,1,6,Crypto
2026-07-24T11:47:28.593637+00:00,C009,Historical contract #10,0.5059,0.4764,1277.4735960278222,1251.77119276114,1,7,Crypto
2026-07-25T11:47:28.593637+00:00,C009,Historical contract #10,0.5502,0.4482,7499.98819389522,332.5755622193372,1,8,Crypto
2026-07-26T11:47:28.593637+00:00,C009,Historical contract #10,0.5693,0.4407,1671.607713783549,395.67361398951994,1,9,Crypto
2026-07-27T11:47:28.593637+00:00,C009,Historical contract #10,0.5565,0.4487,977.8100931159963,712.5105967031965,1,10,Crypto
2026-07-28T11:47:28.593637+00:00,C009,Historical contract #10,0.5603,0.4544,2180.7817410214907,750.4981765661609,1,11,Crypto
2026-07-29T11:47:28.593637+00:00,C009,Historical contract #10,0.5919,0.4225,2257.0899390690684,980.5027140423682,1,12,Crypto
2026-07-30T11:47:28.593637+00:00,C009,Historical contract #10,0.5865,0.407,6414.1614883728535,317.73451514367304,1,13,Crypto
2026-07-31T11:47:28.593637+00:00,C009,Historical contract #10,0.5835,0.432,1682.1803684532306,323.1106372781182,1,14,Crypto
2026-08-01T11:47:28.593637+00:00,C009,Historical contract #10,0.5966,0.4223,948.8067219787281,218.1236300812265,1,15,Crypto
2026-08-02T11:47:28.593637+00:00,C009,Historical contract #10,0.6335,0.3585,1100.5717577066334,187.591436354206,1,16,Crypto
2026-08-03T11:47:28.593637+00:00,C009,Historical contract #10,0.6321,0.3481,4594.143742343651,290.2476198222602,1,17,Crypto
2026-08-04T11:47:28.593637+00:00,C009,Historical contract #10,0.6449,0.354,269.07391744674936,1520.8564883925023,1,18,Crypto
2026-08-05T11:47:28.593637+00:00,C009,Historical contract #10,0.6347,0.3661,2202.495951540589,1583.9374978551316,1,19,Crypto
2026-08-06T11:47:28.593637+00:00,C009,Historical contract #10,0.6617,0.3581,965.0468045384762,742.9019741292643,1,20,Crypto
2026-08-07T11:47:28.593637+00:00,C009,Historical contract #10,0.6705,0.3236,3399.8726177534118,1082.2109345338154,1,21,Crypto
2026-08-08T11:47:28.593637+00:00,C009,Historical contract #10,0.6785,0.3213,1255.909136570178,928.058266981914,1,22,Crypto
2026-08-09T11:47:28.593637+00:00,C009,Historical contract #10,0.6687,0.3274,3739.5278451017134,736.1939338045415,1,23,Crypto
2026-08-10T11:47:28.593637+00:00,C009,Historical contract #10,0.6217,0.3666,8175.94288594517,429.5635810793599,1,24,Crypto
2026-08-11T11:47:28.593637+00:00,C009,Historical contract #10,0.6043,0.3989,1827.4639649993892,1609.940323538166,1,25,Crypto
2026-08-12T11:47:28.593637+00:00,C009,Historical contract #10,0.6356,0.3615,2417.302186109348,1162.107736483346,1,26,Crypto
2026-08-13T11:47:28.593637+00:00,C009,Historical contract #10,0.7031,0.2996,510.67253124288607,950.824223590187,1,27,Crypto
2026-08-14T11:47:28.593637+00:00,C009,Historical contract #10,0.7386,0.2705,1285.2596170696156,1689.1074902700923,1,28,Crypto
2026-08-15T11:47:28.593637+00:00,C009,Historical contract #10,0.7654,0.2491,992.273337337585,443.22588516341085,1,29,Crypto
2026-08-16T11:47:28.593637+00:00,C009,Historical contract #10,0.7644,0.2178,887.1227851567851,72.9562243954372,1,30,Crypto
2026-08-17T11:47:28.593637+00:00,C009,Historical contract #10,0.7619,0.2352,1218.5568449967316,3128.487521642451,1,31,Crypto
2026-08-18T11:47:28.593637+00:00,C009,Historical contract #10,0.7696,0.25,2228.6166378336825,1288.3606148035203,1,32,Crypto
2026-08-19T11:47:28.593637+00:00,C009,Historical contract #10,0.7823,0.2168,1890.7927794018635,989.2000304908709,1,33,Crypto
2026-08-20T11:47:28.593637+00:00,C009,Historical contract #10,0.7957,0.1948,2499.849615231921,3973.9228012153667,1,34,Crypto
2026-08-21T11:47:28.593637+00:00,C009,Historical contract #10,0.7953,0.2032,4945.449603216478,1656.070033406562,1,35,Crypto
2026-08-22T11:47:28.593637+00:00,C009,Historical contract #10,0.8015,0.1932,2733.5659781478375,112.66520046450277,1,36,Crypto
2026-08-23T11:47:28.593637+00:00,C009,Historical contract #10,0.8367,0.1486,4022.8231686884465,323.2128515951224,1,37,Crypto
2026-08-24T11:47:28.593637+00:00,C009,Historical contract #10,0.8072,0.1789,1760.0847636461763,448.8852733078247,1,38,Crypto
2026-08-25T11:47:28.593637+00:00,C009,Historical contract #10,0.8156,0.2038,3524.9461477486543,1540.0942343788279,1,39,Crypto
2026-08-26T11:47:28.593637+00:00,C009,Historical contract #10,0.8389,0.1648,1552.9981962392515,128.53367777632698,1,40,Crypto
2026-08-27T11:47:28.593637+00:00,C009,Historical contract #10,0.8389,0.1649,832.2723108016451,577.6148168025212,1,41,Crypto
2026-08-28T11:47:28.593637+00:00,C009,Historical contract #10,0.8298,0.1552,3293.0373097330394,1120.1663684483822,1,42,Crypto
2026-08-29T11:47:28.593637+00:00,C009,Historical contract #10,0.8491,0.161,2117.6134999740857,257.71448776414053,1,43,Crypto
2026-08-30T11:47:28.593637+00:00,C009,Historical contract #10,0.8103,0.1919,2343.011167959358,1750.0710301312688,1,44,Crypto
2026-08-31T11:47:28.593637+00:00,C009,Historical contract #10,0.8533,0.1539,813.6913566497088,501.79314450935516,1,45,Crypto
2026-09-01T11:47:28.593637+00:00,C009,Historical contract #10,0.869,0.1305,5908.0987785675,1628.6679149572915,1,46,Crypto
2026-09-02T11:47:28.593637+00:00,C009,Historical contract #10,0.8658,0.1169,3398.625304732747,275.74347320679993,1,47,Crypto
2026-09-03T11:47:28.593637+00:00,C009,Historical contract #10,0.867,0.1437,6466.10806724427,500.81769750615564,1,48,Crypto
2026-09-04T11:47:28.593637+00:00,C009,Historical contract #10,0.8248,0.1579,1033.5786920269743,688.2174297024809,1,49,Crypto
2026-09-05T11:47:28.593637+00:00,C009,Historical contract #10,0.8369,0.1762,3402.522901971611,195.13821401625816,1,50,Crypto
2026-09-06T11:47:28.593637+00:00,C009,Historical contract #10,0.8395,0.1684,1106.2510878894027,183.63583384385765,1,51,Crypto
2026-09-07T11:47:28.593637+00:00,C009,Historical contract #10,0.8663,0.1312,1744.117252044022,138.5627818153284,1,52,Crypto
2026-09-08T11:47:28.593637+00:00,C009,Historical contract #10,0.8907,0.0974,2314.709381471469,327.022488337294,1,53,Crypto
2026-09-09T11:47:28.593637+00:00,C009,Historical contract #10,0.8749,0.107,1561.4371948209737,397.27685273288796,1,54,Crypto
2026-09-10T11:47:28.593637+00:00,C009,Historical contract #10,0.8975,0.1088,3960.6074832228414,832.9207774273099,1,55,Crypto
2026-09-11T11:47:28.593637+00:00,C009,Historical contract #10,0.8917,0.1133,2866.3304342921006,332.7022989349132,1,56,Crypto
2026-09-12T11:47:28.593637+00:00,C009,Historical contract #10,0.8688,0.1222,1361.4831856946903,99.70776699048778,1,57,Crypto
2026-09-13T11:47:28.593637+00:00,C009,Historical contract #10,0.8724,0.1113,6377.567753137781,170.33670749119452,1,58,Crypto
2026-09-14T11:47:28.593637+00:00,C009,Historical contract #10,0.8582,0.1549,5352.989805637611,366.5055443413406,1,59,Crypto
2026-07-17T11:47:28.593637+00:00,C010,Historical contract #11,0.603,0.3978,6247.348751069085,469.3815276192053,0,0,Macro
2026-07-18T11:47:28.593637+00:00,C010,Historical contract #11,0.5741,0.4136,9754.732068609137,419.2725649684164,0,1,Macro
2026-07-19T11:47:28.593637+00:00,C010,Historical contract #11,0.5462,0.4432,534.9860008118648,1513.3255458547083,0,2,Macro
2026-07-20T11:47:28.593637+00:00,C010,Historical contract #11,0.5015,0.4938,1489.0666035598613,309.0770873592864,0,3,Macro
2026-07-21T11:47:28.593637+00:00,C010,Historical contract #11,0.4633,0.5328,4009.5386448821737,599.5689842261756,0,4,Macro
2026-07-22T11:47:28.593637+00:00,C010,Historical contract #11,0.451,0.5499,831.0624825250059,1202.0142938304818,0,5,Macro
2026-07-23T11:47:28.593637+00:00,C010,Historical contract #11,0.4545,0.5455,1338.2480973830152,461.0629380192547,0,6,Macro
2026-07-24T11:47:28.593637+00:00,C010,Historical contract #11,0.4555,0.5576,1178.4205186564436,481.77146300014266,0,7,Macro
2026-07-25T11:47:28.593637+00:00,C010,Historical contract #11,0.4509,0.5666,1301.8906194337235,714.5651771795608,0,8,Macro
2026-07-26T11:47:28.593637+00:00,C010,Historical contract #11,0.4551,0.5417,414.09376362805455,143.55554392455625,0,9,Macro
2026-07-27T11:47:28.593637+00:00,C010,Historical contract #11,0.4126,0.6008,1597.6856512334462,256.9536907750275,0,10,Macro
2026-07-28T11:47:28.593637+00:00,C010,Historical contract #11,0.3867,0.6019,1271.0437741617532,1916.0162988829422,0,11,Macro
2026-07-29T11:47:28.593637+00:00,C010,Historical contract #11,0.3911,0.614,1250.3502306041555,470.3202636650325,0,12,Macro
2026-07-30T11:47:28.593637+00:00,C010,Historical contract #11,0.3871,0.629,874.7218893734745,684.839568656927,0,13,Macro
2026-07-31T11:47:28.593637+00:00,C010,Historical contract #11,0.3356,0.67,3326.6444210866757,531.6285857809867,0,14,Macro
2026-08-01T11:47:28.593637+00:00,C010,Historical contract #11,0.3678,0.6356,2151.5683756789317,646.3493859272519,0,15,Macro
2026-08-02T11:47:28.593637+00:00,C010,Historical contract #11,0.3559,0.6445,1969.7935593002658,1310.766021812404,0,16,Macro
2026-08-03T11:47:28.593637+00:00,C010,Historical contract #11,0.3744,0.6155,2172.9481102221825,663.9453251181742,0,17,Macro
2026-08-04T11:47:28.593637+00:00,C010,Historical contract #11,0.378,0.6089,3336.789386651281,361.55232705806173,0,18,Macro
2026-08-05T11:47:28.593637+00:00,C010,Historical contract #11,0.3855,0.6144,1639.8054563793135,115.11886547208404,0,19,Macro
2026-08-06T11:47:28.593637+00:00,C010,Historical contract #11,0.3583,0.6495,2814.2791399796447,811.7000529008392,0,20,Macro
2026-08-07T11:47:28.593637+00:00,C010,Historical contract #11,0.3652,0.616,4789.49448794944,1387.8886872118524,0,21,Macro
2026-08-08T11:47:28.593637+00:00,C010,Historical contract #11,0.3805,0.6202,3730.1641555308343,520.244212905218,0,22,Macro
2026-08-09T11:47:28.593637+00:00,C010,Historical contract #11,0.35,0.634,2149.4424051809656,1266.3632041720653,0,23,Macro
2026-08-10T11:47:28.593637+00:00,C010,Historical contract #11,0.3377,0.6646,1823.998437619989,2098.11628541368,0,24,Macro
2026-08-11T11:47:28.593637+00:00,C010,Historical contract #11,0.3349,0.6699,1522.0363706297119,2767.874660673613,0,25,Macro
2026-08-12T11:47:28.593637+00:00,C010,Historical contract #11,0.3162,0.6972,8220.934011826133,1148.1577815961798,0,26,Macro
2026-08-13T11:47:28.593637+00:00,C010,Historical contract #11,0.3022,0.6956,4297.898854769899,431.13155684116987,0,27,Macro
2026-08-14T11:47:28.593637+00:00,C010,Historical contract #11,0.3138,0.6823,2198.972622257855,747.2589992639744,0,28,Macro
2026-08-15T11:47:28.593637+00:00,C010,Historical contract #11,0.2962,0.6888,901.4765423198365,332.8612492791661,0,29,Macro
2026-08-16T11:47:28.593637+00:00,C010,Historical contract #11,0.2513,0.745,2995.8721269075277,976.7130678997488,0,30,Macro
2026-08-17T11:47:28.593637+00:00,C010,Historical contract #11,0.2528,0.7539,3394.752593350714,641.3359987451051,0,31,Macro
2026-08-18T11:47:28.593637+00:00,C010,Historical contract #11,0.2353,0.7505,9104.387862828991,166.00520351873467,0,32,Macro
2026-08-19T11:47:28.593637+00:00,C010,Historical contract #11,0.2392,0.7549,1658.076259219407,470.17173043722545,0,33,Macro
2026-08-20T11:47:28.593637+00:00,C010,Historical contract #11,0.1898,0.8211,1334.0431206069857,124.04382442535108,0,34,Macro
2026-08-21T11:47:28.593637+00:00,C010,Historical contract #11,0.2054,0.809,5955.672905660771,886.3971959029942,0,35,Macro
2026-08-22T11:47:28.593637+00:00,C010,Historical contract #11,0.2018,0.8166,6945.90022120481,1647.2375674383657,0,36,Macro
2026-08-23T11:47:28.593637+00:00,C010,Historical contract #11,0.1781,0.8188,2569.875968480822,156.382733885618,0,37,Macro
2026-08-24T11:47:28.593637+00:00,C010,Historical contract #11,0.1852,0.8045,3016.7909094796555,2161.873455258653,0,38,Macro
2026-08-25T11:47:28.593637+00:00,C010,Historical contract #11,0.1845,0.8207,2452.8775193867195,346.31150781087456,0,39,Macro
2026-08-26T11:47:28.593637+00:00,C010,Historical contract #11,0.1601,0.8283,5420.123468244898,301.00140952045473,0,40,Macro
2026-08-27T11:47:28.593637+00:00,C010,Historical contract #11,0.177,0.8334,2372.8495640591977,961.1927022952339,0,41,Macro
2026-08-28T11:47:28.593637+00:00,C010,Historical contract #11,0.191,0.8243,5586.619240948389,851.9520720698938,0,42,Macro
2026-08-29T11:47:28.593637+00:00,C010,Historical contract #11,0.1945,0.8193,10167.251618964843,968.6079508775993,0,43,Macro
2026-08-30T11:47:28.593637+00:00,C010,Historical contract #11,0.1983,0.8115,936.2086623904307,1790.6016332695483,0,44,Macro
2026-08-31T11:47:28.593637+00:00,C010,Historical contract #11,0.1921,0.8105,4149.038680702333,430.5113794062336,0,45,Macro
2026-09-01T11:47:28.593637+00:00,C010,Historical contract #11,0.2083,0.7875,2129.761645277965,1708.1456790126508,0,46,Macro
2026-09-02T11:47:28.593637+00:00,C010,Historical contract #11,0.175,0.8372,1545.0341052466624,1289.149837888958,0,47,Macro
2026-09-03T11:47:28.593637+00:00,C010,Historical contract #11,0.1371,0.8616,3494.6088858358885,410.5991153064111,0,48,Macro
2026-09-04T11:47:28.593637+00:00,C010,Historical contract #11,0.1227,0.8762,1050.284699225188,661.127137624826,0,49,Macro
2026-09-05T11:47:28.593637+00:00,C010,Historical contract #11,0.1359,0.8768,6808.321521742438,384.6582126541279,0,50,Macro
2026-09-06T11:47:28.593637+00:00,C010,Historical contract #11,0.114,0.9002,2141.2994040312456,427.6821231799177,0,51,Macro
2026-09-07T11:47:28.593637+00:00,C010,Historical contract #11,0.1049,0.9047,5842.781552696264,346.0438345844778,0,52,Macro
2026-09-08T11:47:28.593637+00:00,C010,Historical contract #11,0.0985,0.9019,821.39811904894,636.1611793474862,0,53,Macro
2026-09-09T11:47:28.593637+00:00,C010,Historical contract #11,0.0931,0.9264,4750.190600520262,511.1343550163403,0,54,Macro
2026-09-10T11:47:28.593637+00:00,C010,Historical contract #11,0.0831,0.9317,1132.1222423317095,1065.193893705397,0,55,Macro
2026-09-11T11:47:28.593637+00:00,C010,Historical contract #11,0.0763,0.9362,840.948675103527,2116.770711023629,0,56,Macro
2026-09-12T11:47:28.593637+00:00,C010,Historical contract #11,0.0681,0.9211,1198.817569724244,839.6323864807559,0,57,Macro
2026-09-13T11:47:28.593637+00:00,C010,Historical contract #11,0.1112,0.8787,396.13236089050974,1861.7498518773727,0,58,Macro
2026-09-14T11:47:28.593637+00:00,C010,Historical contract #11,0.0825,0.9177,1131.4614918237426,824.2964418714519,0,59,Macro
2026-07-17T11:47:28.593637+00:00,C011,Historical contract #12,0.6156,0.3808,1369.353121357426,212.07662596939042,1,0,Politics
2026-07-18T11:47:28.593637+00:00,C011,Historical contract #12,0.596,0.3895,1313.3821023838768,535.3382583241656,1,1,Politics
2026-07-19T11:47:28.593637+00:00,C011,Historical contract #12,0.5885,0.4035,3142.7391917825407,2098.089609350737,1,2,Politics
2026-07-20T11:47:28.593637+00:00,C011,Historical contract #12,0.5743,0.4241,1492.646914580707,891.0404955871809,1,3,Politics
2026-07-21T11:47:28.593637+00:00,C011,Historical contract #12,0.604,0.399,437.58386066637456,956.4193860164703,1,4,Politics
2026-07-22T11:47:28.593637+00:00,C011,Historical contract #12,0.6237,0.3869,4009.844914619558,382.9512004439935,1,5,Politics
2026-07-23T11:47:28.593637+00:00,C011,Historical contract #12,0.5872,0.4003,443.55358764045354,549.0465287199866,1,6,Politics
2026-07-24T11:47:28.593637+00:00,C011,Historical contract #12,0.6127,0.3963,649.6297357447131,291.30598333587636,1,7,Politics
2026-07-25T11:47:28.593637+00:00,C011,Historical contract #12,0.6085,0.4034,5537.559201748223,1427.2127042025763,1,8,Politics
2026-07-26T11:47:28.593637+00:00,C011,Historical contract #12,0.6172,0.3838,2476.4560909535376,333.7573112192076,1,9,Politics
2026-07-27T11:47:28.593637+00:00,C011,Historical contract #12,0.6329,0.3597,3527.348008219791,1717.9963907449758,1,10,Politics
2026-07-28T11:47:28.593637+00:00,C011,Historical contract #12,0.6345,0.3725,2490.5227984760736,67.40945593973338,1,11,Politics
2026-07-29T11:47:28.593637+00:00,C011,Historical contract #12,0.6387,0.3733,1736.275376322757,1170.5464971483364,1,12,Politics
2026-07-30T11:47:28.593637+00:00,C011,Historical contract #12,0.6359,0.3583,1614.657055125237,702.0779145571967,1,13,Politics
2026-07-31T11:47:28.593637+00:00,C011,Historical contract #12,0.6384,0.347,4152.622062236762,278.98900085143526,1,14,Politics
2026-08-01T11:47:28.593637+00:00,C011,Historical contract #12,0.6429,0.3512,451.3805622618737,767.9444076260019,1,15,Politics
2026-08-02T11:47:28.593637+00:00,C011,Historical contract #12,0.6326,0.369,876.6904780674096,580.7726820924657,1,16,Politics
2026-08-03T11:47:28.593637+00:00,C011,Historical contract #12,0.6735,0.3096,709.3237121597952,234.733855807207,1,17,Politics
2026-08-04T11:47:28.593637+00:00,C011,Historical contract #12,0.707,0.2962,1771.334952457108,481.91784193985984,1,18,Politics
2026-08-05T11:47:28.593637+00:00,C011,Historical contract #12,0.6832,0.3276,12920.815371431969,2025.6719198594747,1,19,Politics
2026-08-06T11:47:28.593637+00:00,C011,Historical contract #12,0.6659,0.3379,929.6254674559453,160.59824744766655,1,20,Politics
2026-08-07T11:47:28.593637+00:00,C011,Historical contract #12,0.6898,0.3194,4174.883784452816,456.73703093515024,1,21,Politics
2026-08-08T11:47:28.593637+00:00,C011,Historical contract #12,0.6875,0.3274,779.3026057249896,909.7745575645547,1,22,Politics
2026-08-09T11:47:28.593637+00:00,C011,Historical contract #12,0.6821,0.3203,1980.4911635270832,1576.8866562929404,1,23,Politics
2026-08-10T11:47:28.593637+00:00,C011,Historical contract #12,0.6625,0.3544,2357.208493344442,1212.110835142932,1,24,Politics
2026-08-11T11:47:28.593637+00:00,C011,Historical contract #12,0.6884,0.3299,495.9288554618377,434.06069712733523,1,25,Politics
2026-08-12T11:47:28.593637+00:00,C011,Historical contract #12,0.7118,0.277,1037.7034620870393,154.9216842705397,1,26,Politics
2026-08-13T11:47:28.593637+00:00,C011,Historical contract #12,0.7501,0.2479,3347.324955280691,1442.5682477915354,1,27,Politics
2026-08-14T11:47:28.593637+00:00,C011,Historical contract #12,0.7603,0.2455,1586.029047074799,472.4578366392854,1,28,Politics
2026-08-15T11:47:28.593637+00:00,C011,Historical contract #12,0.8112,0.1707,1247.5783695297744,965.2599268641662,1,29,Politics
2026-08-16T11:47:28.593637+00:00,C011,Historical contract #12,0.7826,0.2072,1065.4416887151892,993.1367276906889,1,30,Politics
2026-08-17T11:47:28.593637+00:00,C011,Historical contract #12,0.801,0.1816,1949.9831167740283,670.9144736938064,1,31,Politics
2026-08-18T11:47:28.593637+00:00,C011,Historical contract #12,0.7953,0.202,1261.9497899097041,2172.5835163749084,1,32,Politics
2026-08-19T11:47:28.593637+00:00,C011,Historical contract #12,0.7905,0.2271,1196.2679196525326,1604.0653741668257,1,33,Politics
2026-08-20T11:47:28.593637+00:00,C011,Historical contract #12,0.8032,0.1934,1471.4197659992694,1052.2541758494426,1,34,Politics
2026-08-21T11:47:28.593637+00:00,C011,Historical contract #12,0.7887,0.2078,3927.834714962134,1338.6569887196813,1,35,Politics
2026-08-22T11:47:28.593637+00:00,C011,Historical contract #12,0.7708,0.2464,1972.3119696119568,2646.2687283357614,1,36,Politics
2026-08-23T11:47:28.593637+00:00,C011,Historical contract #12,0.738,0.2428,601.3429083121595,400.428492572216,1,37,Politics
2026-08-24T11:47:28.593637+00:00,C011,Historical contract #12,0.7422,0.2538,1179.6384217683724,668.9876826010415,1,38,Politics
2026-08-25T11:47:28.593637+00:00,C011,Historical contract #12,0.7435,0.2403,3374.1397772973773,1214.7550538966116,1,39,Politics
2026-08-26T11:47:28.593637+00:00,C011,Historical contract #12,0.7733,0.2156,2296.4839665853024,1142.2817597914407,1,40,Politics
2026-08-27T11:47:28.593637+00:00,C011,Historical contract #12,0.7622,0.2229,1647.4545582520914,2903.640364513143,1,41,Politics
2026-08-28T11:47:28.593637+00:00,C011,Historical contract #12,0.813,0.1914,13294.977410554773,319.8395369760433,1,42,Politics
2026-08-29T11:47:28.593637+00:00,C011,Historical contract #12,0.8384,0.1497,815.2116872948038,986.9449226312996,1,43,Politics
2026-08-30T11:47:28.593637+00:00,C011,Historical contract #12,0.8394,0.1779,2174.4647948403617,1732.068413920189,1,44,Politics
2026-08-31T11:47:28.593637+00:00,C011,Historical contract #12,0.845,0.161,4345.305676054305,1058.1916840799877,1,45,Politics
2026-09-01T11:47:28.593637+00:00,C011,Historical contract #12,0.8639,0.1388,783.5146618393951,422.3449027833558,1,46,Politics
2026-09-02T11:47:28.593637+00:00,C011,Historical contract #12,0.8541,0.1528,3947.3006330158883,587.5114694959678,1,47,Politics
2026-09-03T11:47:28.593637+00:00,C011,Historical contract #12,0.8879,0.1262,2196.716738698743,344.63524014005554,1,48,Politics
2026-09-04T11:47:28.593637+00:00,C011,Historical contract #12,0.9207,0.0596,2000.0593960873518,506.9011324343371,1,49,Politics
2026-09-05T11:47:28.593637+00:00,C011,Historical contract #12,0.9003,0.1033,2999.7812815600964,355.4125249297242,1,50,Politics
2026-09-06T11:47:28.593637+00:00,C011,Historical contract #12,0.9631,0.0448,661.2248973385248,1000.3557567750524,1,51,Politics
2026-09-07T11:47:28.593637+00:00,C011,Historical contract #12,0.98,0.0353,2857.761588896844,152.19491974093745,1,52,Politics
2026-09-08T11:47:28.593637+00:00,C011,Historical contract #12,0.9583,0.0251,397.0107347688685,730.3940530623815,1,53,Politics
2026-09-09T11:47:28.593637+00:00,C011,Historical contract #12,0.9097,0.0792,1176.4361843964077,342.0549276187843,1,54,Politics
2026-09-10T11:47:28.593637+00:00,C011,Historical contract #12,0.9222,0.0745,3696.1203584548434,1214.2804840612507,1,55,Politics
2026-09-11T11:47:28.593637+00:00,C011,Historical contract #12,0.9489,0.0662,2304.856092330532,1001.4567425733528,1,56,Politics
2026-09-12T11:47:28.593637+00:00,C011,Historical contract #12,0.9526,0.0639,1385.8181587204788,345.8320599425135,1,57,Politics
2026-09-13T11:47:28.593637+00:00,C011,Historical contract #12,0.9626,0.02,1063.6492884954732,391.5856026536319,1,58,Politics
2026-09-14T11:47:28.593637+00:00,C011,Historical contract #12,0.9395,0.0642,1925.4098547645426,333.539061469108,1,59,Politics
2026-07-17T11:47:28.593637+00:00,C012,Historical contract #13,0.5356,0.4631,1303.5944999531634,687.4190081538487,1,0,Crypto
2026-07-18T11:47:28.593637+00:00,C012,Historical contract #13,0.5385,0.4618,692.7757121294435,1027.7236668250696,1,1,Crypto
2026-07-19T11:47:28.593637+00:00,C012,Historical contract #13,0.5098,0.4989,1806.4235357502866,111.27132651448692,1,2,Crypto
2026-07-20T11:47:28.593637+00:00,C012,Historical contract #13,0.5037,0.4803,6378.806123411698,2877.748311365806,1,3,Crypto
2026-07-21T11:47:28.593637+00:00,C012,Historical contract #13,0.4725,0.51,1014.7569129994218,795.8665488045162,1,4,Crypto
2026-07-22T11:47:28.593637+00:00,C012,Historical contract #13,0.4423,0.5693,1052.5832313623628,1364.9106179422774,1,5,Crypto
2026-07-23T11:47:28.593637+00:00,C012,Historical contract #13,0.4596,0.5429,613.796147416631,518.3695748575074,1,6,Crypto
2026-07-24T11:47:28.593637+00:00,C012,Historical contract #13,0.4449,0.5743,4640.363034036364,1548.602931304483,1,7,Crypto
2026-07-25T11:47:28.593637+00:00,C012,Historical contract #13,0.4336,0.5561,439.84855808489374,2074.1393643667843,1,8,Crypto
2026-07-26T11:47:28.593637+00:00,C012,Historical contract #13,0.4326,0.571,6728.639413053472,1830.1037832587815,1,9,Crypto
2026-07-27T11:47:28.593637+00:00,C012,Historical contract #13,0.4418,0.55,1626.716800607094,797.6981268373867,1,10,Crypto
2026-07-28T11:47:28.593637+00:00,C012,Historical contract #13,0.4825,0.5087,3231.89272132681,1694.9628247211656,1,11,Crypto
2026-07-29T11:47:28.593637+00:00,C012,Historical contract #13,0.4632,0.5299,1428.4496814021843,88.86548690776104,1,12,Crypto
2026-07-30T11:47:28.593637+00:00,C012,Historical contract #13,0.4291,0.5737,2765.5051256912234,728.5379023909968,1,13,Crypto
2026-07-31T11:47:28.593637+00:00,C012,Historical contract #13,0.4478,0.5666,655.0609653094201,650.7029998328751,1,14,Crypto
2026-08-01T11:47:28.593637+00:00,C012,Historical contract #13,0.4676,0.515,1849.4829565547436,184.94168011041737,1,15,Crypto
2026-08-02T11:47:28.593637+00:00,C012,Historical contract #13,0.508,0.5002,9183.10013389976,648.0841447076633,1,16,Crypto
2026-08-03T11:47:28.593637+00:00,C012,Historical contract #13,0.5362,0.4692,1764.1158944171686,416.8708799415605,1,17,Crypto
2026-08-04T11:47:28.593637+00:00,C012,Historical contract #13,0.5434,0.4545,965.4489177111799,601.8236530801147,1,18,Crypto
2026-08-05T11:47:28.593637+00:00,C012,Historical contract #13,0.5364,0.4535,1682.8017372467784,2289.722067679909,1,19,Crypto
2026-08-06T11:47:28.593637+00:00,C012,Historical contract #13,0.5403,0.471,628.2315085250352,465.14162378964267,1,20,Crypto
2026-08-07T11:47:28.593637+00:00,C012,Historical contract #13,0.5531,0.4355,2159.401161386045,2012.1846250326143,1,21,Crypto
2026-08-08T11:47:28.593637+00:00,C012,Historical contract #13,0.5741,0.4156,1724.6272620675059,4501.554986036387,1,22,Crypto
2026-08-09T11:47:28.593637+00:00,C012,Historical contract #13,0.5709,0.4255,686.7413437585552,4293.337739395639,1,23,Crypto
2026-08-10T11:47:28.593637+00:00,C012,Historical contract #13,0.5958,0.3849,4910.927766889076,1153.0360062446125,1,24,Crypto
2026-08-11T11:47:28.593637+00:00,C012,Historical contract #13,0.6413,0.3735,1462.2211779115376,459.4283011018884,1,25,Crypto
2026-08-12T11:47:28.593637+00:00,C012,Historical contract #13,0.6027,0.4017,1456.3415107757085,1201.9553452001967,1,26,Crypto
2026-08-13T11:47:28.593637+00:00,C012,Historical contract #13,0.6579,0.3484,1290.8776487268083,731.3786654199141,1,27,Crypto
2026-08-14T11:47:28.593637+00:00,C012,Historical contract #13,0.679,0.3092,1091.415462565051,1549.5989216342098,1,28,Crypto
2026-08-15T11:47:28.593637+00:00,C012,Historical contract #13,0.6861,0.3289,1181.952408034136,129.5694964861827,1,29,Crypto
2026-08-16T11:47:28.593637+00:00,C012,Historical contract #13,0.6616,0.337,2493.749366150867,361.4932087698459,1,30,Crypto
2026-08-17T11:47:28.593637+00:00,C012,Historical contract #13,0.6633,0.327,1169.3955444686399,1198.2131545999437,1,31,Crypto
2026-08-18T11:47:28.593637+00:00,C012,Historical contract #13,0.6425,0.3759,2249.278110387797,614.0843739749632,1,32,Crypto
2026-08-19T11:47:28.593637+00:00,C012,Historical contract #13,0.6649,0.3284,2405.9567994125787,1592.8288980375155,1,33,Crypto
2026-08-20T11:47:28.593637+00:00,C012,Historical contract #13,0.6837,0.3084,1674.5388919080033,341.0806903155631,1,34,Crypto
2026-08-21T11:47:28.593637+00:00,C012,Historical contract #13,0.6899,0.3081,1643.8185438214377,326.4108319045126,1,35,Crypto
2026-08-22T11:47:28.593637+00:00,C012,Historical contract #13,0.6883,0.3025,1341.0240295589488,980.6764870699035,1,36,Crypto
2026-08-23T11:47:28.593637+00:00,C012,Historical contract #13,0.7087,0.2845,5646.818554297111,1475.4037785745952,1,37,Crypto
2026-08-24T11:47:28.593637+00:00,C012,Historical contract #13,0.6984,0.3033,1701.6996400134844,463.6174329593566,1,38,Crypto
2026-08-25T11:47:28.593637+00:00,C012,Historical contract #13,0.687,0.3101,1236.9323140929707,388.58883616721687,1,39,Crypto
2026-08-26T11:47:28.593637+00:00,C012,Historical contract #13,0.6952,0.3137,2120.4644693793784,4805.167886942036,1,40,Crypto
2026-08-27T11:47:28.593637+00:00,C012,Historical contract #13,0.7134,0.2977,1814.0302495163542,816.6360976775395,1,41,Crypto
2026-08-28T11:47:28.593637+00:00,C012,Historical contract #13,0.7356,0.2842,919.4205438968872,1322.4440366999868,1,42,Crypto
2026-08-29T11:47:28.593637+00:00,C012,Historical contract #13,0.7514,0.258,3349.475433944309,1833.7142774051583,1,43,Crypto
2026-08-30T11:47:28.593637+00:00,C012,Historical contract #13,0.745,0.235,454.7357997414686,242.97409488652247,1,44,Crypto
2026-08-31T11:47:28.593637+00:00,C012,Historical contract #13,0.7792,0.2083,744.6822520243536,799.1656864711779,1,45,Crypto
2026-09-01T11:47:28.593637+00:00,C012,Historical contract #13,0.7783,0.2384,3266.4557923345533,262.59510281401685,1,46,Crypto
2026-09-02T11:47:28.593637+00:00,C012,Historical contract #13,0.7713,0.2144,3926.594668206654,1790.9979208851294,1,47,Crypto
2026-09-03T11:47:28.593637+00:00,C012,Historical contract #13,0.7716,0.2122,965.5386819442117,2866.845219556023,1,48,Crypto
2026-09-04T11:47:28.593637+00:00,C012,Historical contract #13,0.764,0.2554,1069.355184556368,3329.565732586775,1,49,Crypto
2026-09-05T11:47:28.593637+00:00,C012,Historical contract #13,0.7935,0.2136,1190.5958991600287,1242.5797787748197,1,50,Crypto
2026-09-06T11:47:28.593637+00:00,C012,Historical contract #13,0.8293,0.1509,1873.8054176389876,1220.0930753835398,1,51,Crypto
2026-09-07T11:47:28.593637+00:00,C012,Historical contract #13,0.8428,0.1569,943.5230362858928,802.7922430620721,1,52,Crypto
2026-09-08T11:47:28.593637+00:00,C012,Historical contract #13,0.8773,0.1317,3373.2216186269984,837.0071466207686,1,53,Crypto
2026-09-09T11:47:28.593637+00:00,C012,Historical contract #13,0.8989,0.0889,1599.4502121848595,344.0184958481423,1,54,Crypto
2026-09-10T11:47:28.593637+00:00,C012,Historical contract #13,0.8787,0.1272,2097.30957017318,1152.9993858410517,1,55,Crypto
2026-09-11T11:47:28.593637+00:00,C012,Historical contract #13,0.8989,0.0873,2822.2602007599266,642.8127848757557,1,56,Crypto
2026-09-12T11:47:28.593637+00:00,C012,Historical contract #13,0.9149,0.1018,2430.28725312633,1135.3930258180424,1,57,Crypto
2026-09-13T11:47:28.593637+00:00,C012,Historical contract #13,0.9083,0.0718,1097.8598714517636,436.50273577557573,1,58,Crypto
2026-09-14T11:47:28.593637+00:00,C012,Historical contract #13,0.8951,0.099,4240.973579930735,1022.4398741307276,1,59,Crypto
2026-07-17T11:47:28.593637+00:00,C013,Historical contract #14,0.5976,0.3829,2217.5420602116237,483.8513197127785,1,0,Macro
2026-07-18T11:47:28.593637+00:00,C013,Historical contract #14,0.5996,0.4129,1650.5550191202085,2755.559751931596,1,1,Macro
2026-07-19T11:47:28.593637+00:00,C013,Historical contract #14,0.5997,0.4126,873.7565975722373,929.6417153812091,1,2,Macro
2026-07-20T11:47:28.593637+00:00,C013,Historical contract #14,0.5933,0.406,971.4797975409542,5638.710613935364,1,3,Macro
2026-07-21T11:47:28.593637+00:00,C013,Historical contract #14,0.5864,0.3976,1034.2407195844382,638.2600029222228,1,4,Macro
2026-07-22T11:47:28.593637+00:00,C013,Historical contract #14,0.5978,0.3936,3106.623243256261,397.0696692915656,1,5,Macro
2026-07-23T11:47:28.593637+00:00,C013,Historical contract #14,0.6044,0.3981,1101.3429894434535,319.2047736155592,1,6,Macro
2026-07-24T11:47:28.593637+00:00,C013,Historical contract #14,0.5805,0.4218,3136.583285362801,1452.922458964065,1,7,Macro
2026-07-25T11:47:28.593637+00:00,C013,Historical contract #14,0.5858,0.4131,441.8491243964213,1326.7266397579015,1,8,Macro
2026-07-26T11:47:28.593637+00:00,C013,Historical contract #14,0.5941,0.4055,2450.429610127184,301.97851618087685,1,9,Macro
2026-07-27T11:47:28.593637+00:00,C013,Historical contract #14,0.5687,0.4236,2841.0637617448315,1155.2512504316558,1,10,Macro
2026-07-28T11:47:28.593637+00:00,C013,Historical contract #14,0.5508,0.4571,1013.7498436977112,499.7739777836207,1,11,Macro
2026-07-29T11:47:28.593637+00:00,C013,Historical contract #14,0.5367,0.4524,936.8580371108311,712.6590169887083,1,12,Macro
2026-07-30T11:47:28.593637+00:00,C013,Historical contract #14,0.5295,0.4561,4216.8439703734175,234.76293319875197,1,13,Macro
2026-07-31T11:47:28.593637+00:00,C013,Historical contract #14,0.5439,0.4645,1293.8600131391902,420.34014279540634,1,14,Macro
2026-08-01T11:47:28.593637+00:00,C013,Historical contract #14,0.5845,0.4168,4374.712227970462,937.4583337920513,1,15,Macro
2026-08-02T11:47:28.593637+00:00,C013,Historical contract #14,0.59,0.3913,2336.3837595313466,1505.2379286319385,1,16,Macro
2026-08-03T11:47:28.593637+00:00,C013,Historical contract #14,0.5916,0.4139,1721.217995845672,1168.3158113986995,1,17,Macro
2026-08-04T11:47:28.593637+00:00,C013,Historical contract #14,0.5845,0.4128,2625.5955296585767,231.93564503457148,1,18,Macro
2026-08-05T11:47:28.593637+00:00,C013,Historical contract #14,0.6242,0.3754,4029.780454396556,2083.048685528533,1,19,Macro
2026-08-06T11:47:28.593637+00:00,C013,Historical contract #14,0.6366,0.3633,413.5190729628869,815.7154941954578,1,20,Macro
2026-08-07T11:47:28.593637+00:00,C013,Historical contract #14,0.6346,0.3582,1719.5237687315112,1088.4045967364325,1,21,Macro
2026-08-08T11:47:28.593637+00:00,C013,Historical contract #14,0.6167,0.3643,6050.502143439288,281.3977913401985,1,22,Macro
2026-08-09T11:47:28.593637+00:00,C013,Historical contract #14,0.649,0.3684,2797.929638612096,1600.1649645586479,1,23,Macro
2026-08-10T11:47:28.593637+00:00,C013,Historical contract #14,0.675,0.3076,719.6213517103099,1621.2095175076984,1,24,Macro
2026-08-11T11:47:28.593637+00:00,C013,Historical contract #14,0.6662,0.3262,2222.9645114967348,980.5347117452275,1,25,Macro
2026-08-12T11:47:28.593637+00:00,C013,Historical contract #14,0.6837,0.3284,614.0682449903712,1336.59276753321,1,26,Macro
2026-08-13T11:47:28.593637+00:00,C013,Historical contract #14,0.6965,0.3175,1744.483238964429,216.1275000306664,1,27,Macro
2026-08-14T11:47:28.593637+00:00,C013,Historical contract #14,0.7241,0.2669,2377.01972579848,396.24490109767083,1,28,Macro
2026-08-15T11:47:28.593637+00:00,C013,Historical contract #14,0.7621,0.2319,1380.300070237296,724.8458141924829,1,29,Macro
2026-08-16T11:47:28.593637+00:00,C013,Historical contract #14,0.7408,0.26,6565.135209123863,449.2727981207266,1,30,Macro
2026-08-17T11:47:28.593637+00:00,C013,Historical contract #14,0.7535,0.2307,1752.6016842325444,517.7881445566818,1,31,Macro
2026-08-18T11:47:28.593637+00:00,C013,Historical contract #14,0.741,0.2625,1392.707613412972,577.1014130935279,1,32,Macro
2026-08-19T11:47:28.593637+00:00,C013,Historical contract #14,0.7403,0.2443,730.9980907683985,1434.9349395829267,1,33,Macro
2026-08-20T11:47:28.593637+00:00,C013,Historical contract #14,0.7062,0.2881,1313.20232350033,2683.5544815506705,1,34,Macro
2026-08-21T11:47:28.593637+00:00,C013,Historical contract #14,0.7357,0.2709,5133.849043425148,367.8176663838108,1,35,Macro
2026-08-22T11:47:28.593637+00:00,C013,Historical contract #14,0.7667,0.2371,4266.743911917268,480.6277604119147,1,36,Macro
2026-08-23T11:47:28.593637+00:00,C013,Historical contract #14,0.7534,0.2525,2257.188618506669,447.73487285997663,1,37,Macro
2026-08-24T11:47:28.593637+00:00,C013,Historical contract #14,0.7748,0.2067,2969.942630098671,947.4533014082151,1,38,Macro
2026-08-25T11:47:28.593637+00:00,C013,Historical contract #14,0.7817,0.2153,2041.0764854637246,1032.9798828383512,1,39,Macro
2026-08-26T11:47:28.593637+00:00,C013,Historical contract #14,0.8311,0.1871,3947.3192628087245,7869.971781982837,1,40,Macro
2026-08-27T11:47:28.593637+00:00,C013,Historical contract #14,0.8432,0.1591,3175.4735806303897,296.7313600679023,1,41,Macro
2026-08-28T11:47:28.593637+00:00,C013,Historical contract #14,0.8354,0.1824,3035.3778151004217,578.6283276076516,1,42,Macro
2026-08-29T11:47:28.593637+00:00,C013,Historical contract #14,0.8414,0.1665,3606.599320841723,584.4219257496026,1,43,Macro
2026-08-30T11:47:28.593637+00:00,C013,Historical contract #14,0.8314,0.1856,3358.040655855694,184.01081726482468,1,44,Macro
2026-08-31T11:47:28.593637+00:00,C013,Historical contract #14,0.8312,0.1748,3371.3339426176294,1377.5766667922621,1,45,Macro
2026-09-01T11:47:28.593637+00:00,C013,Historical contract #14,0.8439,0.1724,1903.2332737723577,387.96636567282786,1,46,Macro
2026-09-02T11:47:28.593637+00:00,C013,Historical contract #14,0.8449,0.1451,1758.5706018002668,147.1631266252792,1,47,Macro
2026-09-03T11:47:28.593637+00:00,C013,Historical contract #14,0.8441,0.1413,1443.612608034202,545.9574070252276,1,48,Macro
2026-09-04T11:47:28.593637+00:00,C013,Historical contract #14,0.8622,0.1271,491.5512608401956,503.43981277673123,1,49,Macro
2026-09-05T11:47:28.593637+00:00,C013,Historical contract #14,0.8841,0.1299,3380.2420261244674,205.4882782379726,1,50,Macro
2026-09-06T11:47:28.593637+00:00,C013,Historical contract #14,0.8839,0.1122,2084.0593753929625,1023.9711612430609,1,51,Macro
2026-09-07T11:47:28.593637+00:00,C013,Historical contract #14,0.8711,0.1441,2530.7178175224994,1287.6018840412291,1,52,Macro
2026-09-08T11:47:28.593637+00:00,C013,Historical contract #14,0.8634,0.1389,207.87685392653657,404.57228633638033,1,53,Macro
2026-09-09T11:47:28.593637+00:00,C013,Historical contract #14,0.8637,0.1295,2064.182865258979,636.0286785376175,1,54,Macro
2026-09-10T11:47:28.593637+00:00,C013,Historical contract #14,0.8302,0.1604,860.3512149609828,980.9791125614661,1,55,Macro
2026-09-11T11:47:28.593637+00:00,C013,Historical contract #14,0.8224,0.1928,1441.542985900399,847.6616071342683,1,56,Macro
2026-09-12T11:47:28.593637+00:00,C013,Historical contract #14,0.8449,0.1482,528.996676253877,204.02318293611555,1,57,Macro
2026-09-13T11:47:28.593637+00:00,C013,Historical contract #14,0.8509,0.1291,1111.4287649545133,1096.8191022714693,1,58,Macro
2026-09-14T11:47:28.593637+00:00,C013,Historical contract #14,0.8632,0.1543,1447.3983256162921,796.8670637274728,1,59,Macro
2026-07-17T11:47:28.593637+00:00,C014,Historical contract #15,0.6479,0.3437,1774.4781037860319,445.63734043642074,1,0,Politics
2026-07-18T11:47:28.593637+00:00,C014,Historical contract #15,0.6217,0.3703,765.8896274177696,167.1204241264758,1,1,Politics
2026-07-19T11:47:28.593637+00:00,C014,Historical contract #15,0.6153,0.3826,2884.2761211177394,1075.8576860418402,1,2,Politics
2026-07-20T11:47:28.593637+00:00,C014,Historical contract #15,0.6084,0.3888,408.87352169524814,447.88120948448585,1,3,Politics
2026-07-21T11:47:28.593637+00:00,C014,Historical contract #15,0.6294,0.3731,1022.0465673496185,1543.0000556388147,1,4,Politics
2026-07-22T11:47:28.593637+00:00,C014,Historical contract #15,0.6097,0.3928,3189.8510200521523,2532.3347514796124,1,5,Politics
2026-07-23T11:47:28.593637+00:00,C014,Historical contract #15,0.6339,0.366,525.025999139448,644.0176230875969,1,6,Politics
2026-07-24T11:47:28.593637+00:00,C014,Historical contract #15,0.6014,0.403,2005.2572375010495,499.47116282654605,1,7,Politics
2026-07-25T11:47:28.593637+00:00,C014,Historical contract #15,0.5964,0.414,1982.4824361135907,1415.91705396872,1,8,Politics
2026-07-26T11:47:28.593637+00:00,C014,Historical contract #15,0.6176,0.3852,1819.6423024491705,606.5165429801314,1,9,Politics
2026-07-27T11:47:28.593637+00:00,C014,Historical contract #15,0.655,0.3476,17180.975286024866,898.0322515587495,1,10,Politics
2026-07-28T11:47:28.593637+00:00,C014,Historical contract #15,0.6739,0.3172,8116.945401216718,1253.8899138465101,1,11,Politics
2026-07-29T11:47:28.593637+00:00,C014,Historical contract #15,0.651,0.3679,1376.4771666164952,724.6755650905633,1,12,Politics
2026-07-30T11:47:28.593637+00:00,C014,Historical contract #15,0.6388,0.3481,1073.7372167038407,720.6371205614848,1,13,Politics
2026-07-31T11:47:28.593637+00:00,C014,Historical contract #15,0.649,0.3657,8829.098913738324,690.3581605441614,1,14,Politics
2026-08-01T11:47:28.593637+00:00,C014,Historical contract #15,0.6655,0.3318,4380.00451066533,511.25275890482055,1,15,Politics
2026-08-02T11:47:28.593637+00:00,C014,Historical contract #15,0.6705,0.3289,1175.3963910199204,645.3520439299288,1,16,Politics
2026-08-03T11:47:28.593637+00:00,C014,Historical contract #15,0.6523,0.3343,8541.513973549958,1184.3866187390743,1,17,Politics
2026-08-04T11:47:28.593637+00:00,C014,Historical contract #15,0.6985,0.3052,2184.319081153476,312.7712399357041,1,18,Politics
2026-08-05T11:47:28.593637+00:00,C014,Historical contract #15,0.7046,0.2971,1961.4837683271512,214.83862865525487,1,19,Politics
2026-08-06T11:47:28.593637+00:00,C014,Historical contract #15,0.6889,0.3099,2678.9014210622686,3467.2450660682434,1,20,Politics
2026-08-07T11:47:28.593637+00:00,C014,Historical contract #15,0.7298,0.2843,5635.610438700272,1406.8667303437248,1,21,Politics
2026-08-08T11:47:28.593637+00:00,C014,Historical contract #15,0.7072,0.2936,4343.42257995979,1033.1284508215185,1,22,Politics
2026-08-09T11:47:28.593637+00:00,C014,Historical contract #15,0.6935,0.3236,327.0128684351155,556.5417884185573,1,23,Politics
2026-08-10T11:47:28.593637+00:00,C014,Historical contract #15,0.7315,0.2687,1212.9976359700981,1354.891969755725,1,24,Politics
2026-08-11T11:47:28.593637+00:00,C014,Historical contract #15,0.7612,0.2512,3639.0354627552647,1579.87314551605,1,25,Politics
2026-08-12T11:47:28.593637+00:00,C014,Historical contract #15,0.7825,0.2098,1942.2593732832852,550.1506912122811,1,26,Politics
2026-08-13T11:47:28.593637+00:00,C014,Historical contract #15,0.7624,0.2355,1442.8684847368238,806.8693245265964,1,27,Politics
2026-08-14T11:47:28.593637+00:00,C014,Historical contract #15,0.7991,0.1912,4035.0784895756515,1577.2727470975656,1,28,Politics
2026-08-15T11:47:28.593637+00:00,C014,Historical contract #15,0.7976,0.2141,1487.9841547102517,1915.451636384906,1,29,Politics
2026-08-16T11:47:28.593637+00:00,C014,Historical contract #15,0.8144,0.1976,2057.444014482797,2486.1478154619986,1,30,Politics
2026-08-17T11:47:28.593637+00:00,C014,Historical contract #15,0.8132,0.1786,2798.120078651127,290.23811743445214,1,31,Politics
2026-08-18T11:47:28.593637+00:00,C014,Historical contract #15,0.8267,0.1568,1096.0857624738314,1572.7459353039894,1,32,Politics
2026-08-19T11:47:28.593637+00:00,C014,Historical contract #15,0.8358,0.1617,2584.1936834684125,633.9221796018236,1,33,Politics
2026-08-20T11:47:28.593637+00:00,C014,Historical contract #15,0.8374,0.1514,1010.404280504419,686.9552311948617,1,34,Politics
2026-08-21T11:47:28.593637+00:00,C014,Historical contract #15,0.8331,0.1568,865.7839482104629,2332.194987092692,1,35,Politics
2026-08-22T11:47:28.593637+00:00,C014,Historical contract #15,0.8441,0.149,527.2719762181496,608.0571534368934,1,36,Politics
2026-08-23T11:47:28.593637+00:00,C014,Historical contract #15,0.8777,0.1301,5144.068810749049,881.4291433091382,1,37,Politics
2026-08-24T11:47:28.593637+00:00,C014,Historical contract #15,0.8852,0.1334,3827.696010788447,508.79967342947134,1,38,Politics
2026-08-25T11:47:28.593637+00:00,C014,Historical contract #15,0.9002,0.1132,2083.156307408239,881.480044222574,1,39,Politics
2026-08-26T11:47:28.593637+00:00,C014,Historical contract #15,0.8933,0.1136,1461.008660972896,395.737929336503,1,40,Politics
2026-08-27T11:47:28.593637+00:00,C014,Historical contract #15,0.9235,0.0951,983.6874396504187,1048.1221825371058,1,41,Politics
2026-08-28T11:47:28.593637+00:00,C014,Historical contract #15,0.9028,0.0796,4134.193528965239,170.15678887118963,1,42,Politics
2026-08-29T11:47:28.593637+00:00,C014,Historical contract #15,0.9195,0.0819,1526.545651215628,923.1585307364443,1,43,Politics
2026-08-30T11:47:28.593637+00:00,C014,Historical contract #15,0.9274,0.0596,3210.4952477120933,728.2878951692685,1,44,Politics
2026-08-31T11:47:28.593637+00:00,C014,Historical contract #15,0.8982,0.0974,5459.012613936896,2543.4477935036493,1,45,Politics
2026-09-01T11:47:28.593637+00:00,C014,Historical contract #15,0.9136,0.0748,2677.0896232957616,1313.8127999283088,1,46,Politics
2026-09-02T11:47:28.593637+00:00,C014,Historical contract #15,0.9275,0.0558,2417.7931059677653,627.7048857923163,1,47,Politics
2026-09-03T11:47:28.593637+00:00,C014,Historical contract #15,0.9135,0.075,2372.532937377086,771.8901714335854,1,48,Politics
2026-09-04T11:47:28.593637+00:00,C014,Historical contract #15,0.9256,0.064,3029.077362934691,3441.408367352921,1,49,Politics
2026-09-05T11:47:28.593637+00:00,C014,Historical contract #15,0.9271,0.0681,2315.0854675537953,3380.8066700088007,1,50,Politics
2026-09-06T11:47:28.593637+00:00,C014,Historical contract #15,0.9071,0.0848,953.6283851377743,429.403150896942,1,51,Politics
2026-09-07T11:47:28.593637+00:00,C014,Historical contract #15,0.9103,0.0826,7637.247027820434,951.9511454799153,1,52,Politics
2026-09-08T11:47:28.593637+00:00,C014,Historical contract #15,0.9072,0.1023,1284.2837063400007,421.1930453093238,1,53,Politics
2026-09-09T11:47:28.593637+00:00,C014,Historical contract #15,0.8774,0.11,3922.939302587557,4601.991524494491,1,54,Politics
2026-09-10T11:47:28.593637+00:00,C014,Historical contract #15,0.8605,0.1441,1912.388789431139,1267.599424032281,1,55,Politics
2026-09-11T11:47:28.593637+00:00,C014,Historical contract #15,0.8417,0.142,3392.130269390675,644.7560138753686,1,56,Politics
2026-09-12T11:47:28.593637+00:00,C014,Historical contract #15,0.8723,0.1196,1137.3405117390228,459.08910010580684,1,57,Politics
2026-09-13T11:47:28.593637+00:00,C014,Historical contract #15,0.8492,0.1538,4690.408188019891,379.5265975645677,1,58,Politics
2026-09-14T11:47:28.593637+00:00,C014,Historical contract #15,0.8743,0.119,2351.0543583927097,402.5978637398082,1,59,Politics
2026-07-17T11:47:28.593637+00:00,C015,Historical contract #16,0.6713,0.3388,861.8985460330297,1774.994673657634,0,0,Crypto
2026-07-18T11:47:28.593637+00:00,C015,Historical contract #16,0.6778,0.3343,4686.683849882472,394.55674289988406,0,1,Crypto
2026-07-19T11:47:28.593637+00:00,C015,Historical contract #16,0.6665,0.3341,643.8094327709831,538.6833275936974,0,2,Crypto
2026-07-20T11:47:28.593637+00:00,C015,Historical contract #16,0.6847,0.3273,615.9408509413056,191.58440537782516,0,3,Crypto
2026-07-21T11:47:28.593637+00:00,C015,Historical contract #16,0.7052,0.3051,1077.1477296009937,534.219385084287,0,4,Crypto
2026-07-22T11:47:28.593637+00:00,C015,Historical contract #16,0.6582,0.345,1320.2252565607102,1986.0861497535116,0,5,Crypto
2026-07-23T11:47:28.593637+00:00,C015,Historical contract #16,0.6472,0.3618,2220.206745723661,1316.308004265486,0,6,Crypto
2026-07-24T11:47:28.593637+00:00,C015,Historical contract #16,0.6497,0.3378,2388.3250461940856,552.0946103253677,0,7,Crypto
2026-07-25T11:47:28.593637+00:00,C015,Historical contract #16,0.6742,0.3344,1814.283882734655,673.1099573425171,0,8,Crypto
2026-07-26T11:47:28.593637+00:00,C015,Historical contract #16,0.6633,0.3247,2325.7481343375966,581.1017855815845,0,9,Crypto
2026-07-27T11:47:28.593637+00:00,C015,Historical contract #16,0.6127,0.3974,749.6059988116917,166.0836189331503,0,10,Crypto
2026-07-28T11:47:28.593637+00:00,C015,Historical contract #16,0.6025,0.3886,2755.5116843377755,1047.0548168531923,0,11,Crypto
2026-07-29T11:47:28.593637+00:00,C015,Historical contract #16,0.551,0.4421,8767.58914345361,287.7905595910482,0,12,Crypto
2026-07-30T11:47:28.593637+00:00,C015,Historical contract #16,0.5564,0.4552,1927.0356941509738,400.7735835055023,0,13,Crypto
2026-07-31T11:47:28.593637+00:00,C015,Historical contract #16,0.5585,0.4467,1263.1554327446781,287.10910613197694,0,14,Crypto
2026-08-01T11:47:28.593637+00:00,C015,Historical contract #16,0.5529,0.4598,2545.2517249403477,5438.115841711605,0,15,Crypto
2026-08-02T11:47:28.593637+00:00,C015,Historical contract #16,0.5682,0.4149,1688.3620922977843,141.03356312466852,0,16,Crypto
2026-08-03T11:47:28.593637+00:00,C015,Historical contract #16,0.5262,0.4872,961.2121419914824,380.1623207829654,0,17,Crypto
2026-08-04T11:47:28.593637+00:00,C015,Historical contract #16,0.5121,0.505,677.6188843116678,638.8187333619229,0,18,Crypto
2026-08-05T11:47:28.593637+00:00,C015,Historical contract #16,0.4841,0.5239,967.8210254154758,1010.1844036765614,0,19,Crypto
2026-08-06T11:47:28.593637+00:00,C015,Historical contract #16,0.4718,0.5143,2914.8006763822746,593.6965400078299,0,20,Crypto
2026-08-07T11:47:28.593637+00:00,C015,Historical contract #16,0.459,0.5522,3085.7754767424153,591.3104646635716,0,21,Crypto
2026-08-08T11:47:28.593637+00:00,C015,Historical contract #16,0.4537,0.5346,908.189961543352,1230.6749055384644,0,22,Crypto
2026-08-09T11:47:28.593637+00:00,C015,Historical contract #16,0.4549,0.5314,2263.5360173348745,690.1870312556006,0,23,Crypto
2026-08-10T11:47:28.593637+00:00,C015,Historical contract #16,0.4594,0.5525,3748.0178434991553,613.6211187513068,0,24,Crypto
2026-08-11T11:47:28.593637+00:00,C015,Historical contract #16,0.4755,0.5069,2998.6004857487574,833.5305153912137,0,25,Crypto
2026-08-12T11:47:28.593637+00:00,C015,Historical contract #16,0.4649,0.5263,3168.7126195425953,6478.443215271525,0,26,Crypto
2026-08-13T11:47:28.593637+00:00,C015,Historical contract #16,0.4418,0.5633,1265.2636374795254,450.15144867324534,0,27,Crypto
2026-08-14T11:47:28.593637+00:00,C015,Historical contract #16,0.459,0.5428,1237.3603273770725,186.79387590352562,0,28,Crypto
2026-08-15T11:47:28.593637+00:00,C015,Historical contract #16,0.4261,0.5789,2997.2298548963895,6246.382514421542,0,29,Crypto
2026-08-16T11:47:28.593637+00:00,C015,Historical contract #16,0.4044,0.5944,3714.5013853301875,371.8386534331033,0,30,Crypto
2026-08-17T11:47:28.593637+00:00,C015,Historical contract #16,0.4177,0.5639,1090.6699819485377,576.8798170107776,0,31,Crypto
2026-08-18T11:47:28.593637+00:00,C015,Historical contract #16,0.4166,0.5891,1215.1468804957449,567.3263535603294,0,32,Crypto
2026-08-19T11:47:28.593637+00:00,C015,Historical contract #16,0.3735,0.6347,432.94847473293834,466.24107864783616,0,33,Crypto
2026-08-20T11:47:28.593637+00:00,C015,Historical contract #16,0.376,0.6151,2899.3923466735914,631.4150816117672,0,34,Crypto
2026-08-21T11:47:28.593637+00:00,C015,Historical contract #16,0.3847,0.6041,2583.532179426178,1396.9361063048173,0,35,Crypto
2026-08-22T11:47:28.593637+00:00,C015,Historical contract #16,0.3822,0.601,617.0073094828301,931.0283246135,0,36,Crypto
2026-08-23T11:47:28.593637+00:00,C015,Historical contract #16,0.3745,0.6193,854.8645026657898,322.0977763069396,0,37,Crypto
2026-08-24T11:47:28.593637+00:00,C015,Historical contract #16,0.3646,0.6257,399.97046686435743,897.9249866388859,0,38,Crypto
2026-08-25T11:47:28.593637+00:00,C015,Historical contract #16,0.3084,0.6798,5331.271789119692,2863.7957644595026,0,39,Crypto
2026-08-26T11:47:28.593637+00:00,C015,Historical contract #16,0.2718,0.7247,1870.7562099696029,2765.513309361735,0,40,Crypto
2026-08-27T11:47:28.593637+00:00,C015,Historical contract #16,0.2536,0.7431,6241.528896209518,492.8321639402661,0,41,Crypto
2026-08-28T11:47:28.593637+00:00,C015,Historical contract #16,0.2609,0.7376,1576.5809171072704,176.3238796776441,0,42,Crypto
2026-08-29T11:47:28.593637+00:00,C015,Historical contract #16,0.23,0.7872,1737.2795420765808,515.2825585359184,0,43,Crypto
2026-08-30T11:47:28.593637+00:00,C015,Historical contract #16,0.2083,0.7923,2300.5201618659657,1460.206240247282,0,44,Crypto
2026-08-31T11:47:28.593637+00:00,C015,Historical contract #16,0.1508,0.8417,2053.450840526585,614.5618084269372,0,45,Crypto
2026-09-01T11:47:28.593637+00:00,C015,Historical contract #16,0.1609,0.8248,1416.7286278577733,436.3817541707245,0,46,Crypto
2026-09-02T11:47:28.593637+00:00,C015,Historical contract #16,0.155,0.84,1288.0955365977802,370.3296865693029,0,47,Crypto
2026-09-03T11:47:28.593637+00:00,C015,Historical contract #16,0.1521,0.8498,6299.84774041559,523.0899267782762,0,48,Crypto
2026-09-04T11:47:28.593637+00:00,C015,Historical contract #16,0.1685,0.8462,1718.1382795905895,561.9567090342744,0,49,Crypto
2026-09-05T11:47:28.593637+00:00,C015,Historical contract #16,0.1551,0.8457,3580.9803706699236,800.1570187164696,0,50,Crypto
2026-09-06T11:47:28.593637+00:00,C015,Historical contract #16,0.1534,0.8353,833.8119840042885,3695.0799105572337,0,51,Crypto
2026-09-07T11:47:28.593637+00:00,C015,Historical contract #16,0.1422,0.8461,5680.981706722657,833.3442640372368,0,52,Crypto
2026-09-08T11:47:28.593637+00:00,C015,Historical contract #16,0.1463,0.8393,1401.168103747814,580.7561155339197,0,53,Crypto
2026-09-09T11:47:28.593637+00:00,C015,Historical contract #16,0.1089,0.8915,2291.189654952384,2923.0140946340453,0,54,Crypto
2026-09-10T11:47:28.593637+00:00,C015,Historical contract #16,0.105,0.8887,1677.0836708858653,5952.718628182671,0,55,Crypto
2026-09-11T11:47:28.593637+00:00,C015,Historical contract #16,0.1158,0.8672,2901.215921989403,367.37725398079976,0,56,Crypto
2026-09-12T11:47:28.593637+00:00,C015,Historical contract #16,0.0789,0.9082,1945.3966168662562,148.75127235753882,0,57,Crypto
2026-09-13T11:47:28.593637+00:00,C015,Historical contract #16,0.0501,0.9649,1304.3517580411797,912.1906524054384,0,58,Crypto
2026-09-14T11:47:28.593637+00:00,C015,Historical contract #16,0.0228,0.98,701.3399519610941,2475.474667715839,0,59,Crypto
2026-07-17T11:47:28.593637+00:00,C016,Historical contract #17,0.7316,0.2642,2836.3869943304826,674.5390180468363,0,0,Macro
2026-07-18T11:47:28.593637+00:00,C016,Historical contract #17,0.6834,0.3075,685.7219494194949,239.1359038746703,0,1,Macro
2026-07-19T11:47:28.593637+00:00,C016,Historical contract #17,0.6697,0.3276,2334.710560309266,234.7548547118303,0,2,Macro
2026-07-20T11:47:28.593637+00:00,C016,Historical contract #17,0.6545,0.3463,5570.791519809237,861.758540903689,0,3,Macro
2026-07-21T11:47:28.593637+00:00,C016,Historical contract #17,0.6591,0.3231,1891.1013670050233,303.42372880804083,0,4,Macro
2026-07-22T11:47:28.593637+00:00,C016,Historical contract #17,0.6287,0.3548,1011.6251979086925,251.5389159415134,0,5,Macro
2026-07-23T11:47:28.593637+00:00,C016,Historical contract #17,0.5815,0.4134,776.597990083882,1098.8232542783187,0,6,Macro
2026-07-24T11:47:28.593637+00:00,C016,Historical contract #17,0.5363,0.4833,7575.83501258083,399.73553267263077,0,7,Macro
2026-07-25T11:47:28.593637+00:00,C016,Historical contract #17,0.535,0.4482,3071.805885093689,196.79225231272534,0,8,Macro
2026-07-26T11:47:28.593637+00:00,C016,Historical contract #17,0.5215,0.4623,12798.129253143148,185.69393150279768,0,9,Macro
2026-07-27T11:47:28.593637+00:00,C016,Historical contract #17,0.4923,0.5163,546.0287437672981,1962.6975908131421,0,10,Macro
2026-07-28T11:47:28.593637+00:00,C016,Historical contract #17,0.5356,0.4659,628.7045814387541,111.10321132231722,0,11,Macro
2026-07-29T11:47:28.593637+00:00,C016,Historical contract #17,0.5178,0.4687,1073.8043606284173,794.0132932067511,0,12,Macro
2026-07-30T11:47:28.593637+00:00,C016,Historical contract #17,0.514,0.5032,1404.027403314019,275.53165890336146,0,13,Macro
2026-07-31T11:47:28.593637+00:00,C016,Historical contract #17,0.5149,0.4751,3680.066199028874,1251.452855263511,0,14,Macro
2026-08-01T11:47:28.593637+00:00,C016,Historical contract #17,0.4726,0.5163,987.8861170965163,285.71296082612787,0,15,Macro
2026-08-02T11:47:28.593637+00:00,C016,Historical contract #17,0.4788,0.5331,4356.1642721062435,913.4142063831123,0,16,Macro
2026-08-03T11:47:28.593637+00:00,C016,Historical contract #17,0.4718,0.5274,2632.7438539242585,702.3843566229197,0,17,Macro
2026-08-04T11:47:28.593637+00:00,C016,Historical contract #17,0.49,0.5156,1417.3263391960108,340.27067130750464,0,18,Macro
2026-08-05T11:47:28.593637+00:00,C016,Historical contract #17,0.4885,0.5253,1736.3319265152677,1893.7845229343966,0,19,Macro
2026-08-06T11:47:28.593637+00:00,C016,Historical contract #17,0.4325,0.5776,1750.9680235835567,371.8180055152955,0,20,Macro
2026-08-07T11:47:28.593637+00:00,C016,Historical contract #17,0.4706,0.5198,1304.8134804929466,679.1008818982081,0,21,Macro
2026-08-08T11:47:28.593637+00:00,C016,Historical contract #17,0.414,0.604,3970.280299338809,402.1574650605794,0,22,Macro
2026-08-09T11:47:28.593637+00:00,C016,Historical contract #17,0.3879,0.6252,5282.757640523058,1005.8541678027602,0,23,Macro
2026-08-10T11:47:28.593637+00:00,C016,Historical contract #17,0.3719,0.6239,950.2071664232731,300.11973292319766,0,24,Macro
2026-08-11T11:47:28.593637+00:00,C016,Historical contract #17,0.3452,0.6412,790.1503212727566,190.382633038779,0,25,Macro
2026-08-12T11:47:28.593637+00:00,C016,Historical contract #17,0.3465,0.6448,7048.951820029564,389.68133107821234,0,26,Macro
2026-08-13T11:47:28.593637+00:00,C016,Historical contract #17,0.3477,0.648,1475.7623033477134,1206.485505117232,0,27,Macro
2026-08-14T11:47:28.593637+00:00,C016,Historical contract #17,0.357,0.6241,1473.6362074757342,499.6840072605914,0,28,Macro
2026-08-15T11:47:28.593637+00:00,C016,Historical contract #17,0.3207,0.6655,1099.26162223133,270.64894901760505,0,29,Macro
2026-08-16T11:47:28.593637+00:00,C016,Historical contract #17,0.3247,0.6845,874.4105954088865,834.4335810279202,0,30,Macro
2026-08-17T11:47:28.593637+00:00,C016,Historical contract #17,0.2973,0.7043,1040.7910590038352,1076.5497376888957,0,31,Macro
2026-08-18T11:47:28.593637+00:00,C016,Historical contract #17,0.2797,0.7043,1485.3762424573667,395.5657554091533,0,32,Macro
2026-08-19T11:47:28.593637+00:00,C016,Historical contract #17,0.2519,0.7368,3700.320519531933,827.705161005476,0,33,Macro
2026-08-20T11:47:28.593637+00:00,C016,Historical contract #17,0.2969,0.7106,1413.717145957178,515.7272564437766,0,34,Macro
2026-08-21T11:47:28.593637+00:00,C016,Historical contract #17,0.2983,0.7041,4596.409090964304,888.2741452492795,0,35,Macro
2026-08-22T11:47:28.593637+00:00,C016,Historical contract #17,0.294,0.7145,7174.324620822325,762.6233620952592,0,36,Macro
2026-08-23T11:47:28.593637+00:00,C016,Historical contract #17,0.2815,0.7113,3920.7582013486417,514.5105846184083,0,37,Macro
2026-08-24T11:47:28.593637+00:00,C016,Historical contract #17,0.272,0.7387,2414.9898318989185,224.68965056925236,0,38,Macro
2026-08-25T11:47:28.593637+00:00,C016,Historical contract #17,0.2316,0.7611,835.6494822782099,397.3989900903647,0,39,Macro
2026-08-26T11:47:28.593637+00:00,C016,Historical contract #17,0.2394,0.776,2115.6464269628327,249.77419056723542,0,40,Macro
2026-08-27T11:47:28.593637+00:00,C016,Historical contract #17,0.2229,0.7779,2910.1559987351043,372.5387046228604,0,41,Macro
2026-08-28T11:47:28.593637+00:00,C016,Historical contract #17,0.2199,0.7893,1782.7665113490968,382.011396941167,0,42,Macro
2026-08-29T11:47:28.593637+00:00,C016,Historical contract #17,0.2093,0.791,1602.0915854642935,648.6648928128736,0,43,Macro
2026-08-30T11:47:28.593637+00:00,C016,Historical contract #17,0.1736,0.8347,1604.4428002622903,582.7659361379631,0,44,Macro
2026-08-31T11:47:28.593637+00:00,C016,Historical contract #17,0.1595,0.8219,1898.4857701494034,1354.964813689248,0,45,Macro
2026-09-01T11:47:28.593637+00:00,C016,Historical contract #17,0.1555,0.8258,1172.2963058248477,1051.1883644876361,0,46,Macro
2026-09-02T11:47:28.593637+00:00,C016,Historical contract #17,0.1602,0.8298,1326.227540224401,1329.6268295280647,0,47,Macro
2026-09-03T11:47:28.593637+00:00,C016,Historical contract #17,0.1697,0.8336,1671.1479643739935,809.1233532461215,0,48,Macro
2026-09-04T11:47:28.593637+00:00,C016,Historical contract #17,0.1833,0.8147,1093.6475634838941,769.0416415966349,0,49,Macro
2026-09-05T11:47:28.593637+00:00,C016,Historical contract #17,0.1807,0.8337,1703.073688031328,616.9580187193358,0,50,Macro
2026-09-06T11:47:28.593637+00:00,C016,Historical contract #17,0.1245,0.8563,1594.2293522460402,585.0899790473352,0,51,Macro
2026-09-07T11:47:28.593637+00:00,C016,Historical contract #17,0.148,0.8705,934.7713398187356,82.28948714784562,0,52,Macro
2026-09-08T11:47:28.593637+00:00,C016,Historical contract #17,0.1287,0.8829,1202.3319707263308,1613.4691180588088,0,53,Macro
2026-09-09T11:47:28.593637+00:00,C016,Historical contract #17,0.1378,0.8684,1344.1398317719097,1511.641967148718,0,54,Macro
2026-09-10T11:47:28.593637+00:00,C016,Historical contract #17,0.1266,0.8814,458.06040222801454,467.28923127832854,0,55,Macro
2026-09-11T11:47:28.593637+00:00,C016,Historical contract #17,0.1312,0.853,1899.390410224707,360.58062805507797,0,56,Macro
2026-09-12T11:47:28.593637+00:00,C016,Historical contract #17,0.095,0.8882,440.6747866192973,1033.0553826849878,0,57,Macro
2026-09-13T11:47:28.593637+00:00,C016,Historical contract #17,0.1029,0.8883,1516.6673327447515,1045.188491565786,0,58,Macro
2026-09-14T11:47:28.593637+00:00,C016,Historical contract #17,0.0954,0.8916,7945.252487604399,502.0283018609426,0,59,Macro
2026-07-17T11:47:28.593637+00:00,C017,Historical contract #18,0.6056,0.4045,2827.1285468856317,1039.8296132357057,1,0,Politics
2026-07-18T11:47:28.593637+00:00,C017,Historical contract #18,0.6052,0.3829,946.8073343787493,408.7053419537815,1,1,Politics
2026-07-19T11:47:28.593637+00:00,C017,Historical contract #18,0.6409,0.3436,1027.516082491104,369.8653147571508,1,2,Politics
2026-07-20T11:47:28.593637+00:00,C017,Historical contract #18,0.6366,0.3462,812.415716554389,884.8075035434364,1,3,Politics
2026-07-21T11:47:28.593637+00:00,C017,Historical contract #18,0.6615,0.319,4056.399179609815,521.4179171284707,1,4,Politics
2026-07-22T11:47:28.593637+00:00,C017,Historical contract #18,0.6642,0.3507,4079.54963650578,360.24474310365804,1,5,Politics
2026-07-23T11:47:28.593637+00:00,C017,Historical contract #18,0.6785,0.3117,778.8150123033205,408.5921560004186,1,6,Politics
2026-07-24T11:47:28.593637+00:00,C017,Historical contract #18,0.7121,0.2989,806.4805065993133,849.1727411598407,1,7,Politics
2026-07-25T11:47:28.593637+00:00,C017,Historical contract #18,0.7107,0.304,1527.0783474026225,835.5574217426905,1,8,Politics
2026-07-26T11:47:28.593637+00:00,C017,Historical contract #18,0.7056,0.3075,414.54066095842643,717.2727158417873,1,9,Politics
2026-07-27T11:47:28.593637+00:00,C017,Historical contract #18,0.7495,0.241,451.85402054917176,484.57180683532187,1,10,Politics
2026-07-28T11:47:28.593637+00:00,C017,Historical contract #18,0.7767,0.2353,924.1876286989217,384.4469293249924,1,11,Politics
2026-07-29T11:47:28.593637+00:00,C017,Historical contract #18,0.7603,0.2409,5274.06613340902,1543.7015422366342,1,12,Politics
2026-07-30T11:47:28.593637+00:00,C017,Historical contract #18,0.7674,0.2312,624.9389648984492,1019.0250511474279,1,13,Politics
2026-07-31T11:47:28.593637+00:00,C017,Historical contract #18,0.7381,0.2774,2306.1168159712715,267.71548774523757,1,14,Politics
2026-08-01T11:47:28.593637+00:00,C017,Historical contract #18,0.7204,0.2801,2705.1705251628664,1554.9754183152752,1,15,Politics
2026-08-02T11:47:28.593637+00:00,C017,Historical contract #18,0.7387,0.2716,995.2999979122019,282.38585146641594,1,16,Politics
2026-08-03T11:47:28.593637+00:00,C017,Historical contract #18,0.7326,0.2491,2366.8114896569145,123.97481143971066,1,17,Politics
2026-08-04T11:47:28.593637+00:00,C017,Historical contract #18,0.7227,0.2853,1926.3302330827169,214.08922545781712,1,18,Politics
2026-08-05T11:47:28.593637+00:00,C017,Historical contract #18,0.7778,0.2074,2458.8945732118086,915.6368232037962,1,19,Politics
2026-08-06T11:47:28.593637+00:00,C017,Historical contract #18,0.7709,0.2178,9870.837560556327,1484.101319057428,1,20,Politics
2026-08-07T11:47:28.593637+00:00,C017,Historical contract #18,0.7895,0.1931,810.2526298237766,1848.3047625273707,1,21,Politics
2026-08-08T11:47:28.593637+00:00,C017,Historical contract #18,0.7728,0.2233,487.1090771033743,129.97120416313484,1,22,Politics
2026-08-09T11:47:28.593637+00:00,C017,Historical contract #18,0.7825,0.225,368.2146083166761,1025.0407043629766,1,23,Politics
2026-08-10T11:47:28.593637+00:00,C017,Historical contract #18,0.8276,0.1664,1471.6591132354888,669.8650306879942,1,24,Politics
2026-08-11T11:47:28.593637+00:00,C017,Historical contract #18,0.842,0.1518,1373.5740602981746,683.5789600306027,1,25,Politics
2026-08-12T11:47:28.593637+00:00,C017,Historical contract #18,0.8432,0.1688,1625.44815818145,604.2160326551405,1,26,Politics
2026-08-13T11:47:28.593637+00:00,C017,Historical contract #18,0.8665,0.1509,2648.976078252058,2631.4419792869408,1,27,Politics
2026-08-14T11:47:28.593637+00:00,C017,Historical contract #18,0.8517,0.1612,2790.601254013136,9107.202817004863,1,28,Politics
2026-08-15T11:47:28.593637+00:00,C017,Historical contract #18,0.8238,0.1643,2527.6322211936645,913.9603980871091,1,29,Politics
2026-08-16T11:47:28.593637+00:00,C017,Historical contract #18,0.8636,0.15,3729.147055180299,1685.7576805151707,1,30,Politics
2026-08-17T11:47:28.593637+00:00,C017,Historical contract #18,0.8733,0.1094,5575.888992775462,1778.3832518231934,1,31,Politics
2026-08-18T11:47:28.593637+00:00,C017,Historical contract #18,0.8801,0.1006,2166.539358850024,624.5374940089657,1,32,Politics
2026-08-19T11:47:28.593637+00:00,C017,Historical contract #18,0.8875,0.0976,917.0665284353294,287.472350701022,1,33,Politics
2026-08-20T11:47:28.593637+00:00,C017,Historical contract #18,0.8666,0.144,1769.469973726604,790.1912735959453,1,34,Politics
2026-08-21T11:47:28.593637+00:00,C017,Historical contract #18,0.8747,0.1126,5840.2456288727935,536.9104594150734,1,35,Politics
2026-08-22T11:47:28.593637+00:00,C017,Historical contract #18,0.8636,0.1521,416.0443387436122,353.3900626504847,1,36,Politics
2026-08-23T11:47:28.593637+00:00,C017,Historical contract #18,0.8832,0.1163,4420.7266302595335,2228.1106274918343,1,37,Politics
2026-08-24T11:47:28.593637+00:00,C017,Historical contract #18,0.8735,0.1329,4426.08032054505,457.8623758579984,1,38,Politics
2026-08-25T11:47:28.593637+00:00,C017,Historical contract #18,0.8908,0.1128,1233.8790256414718,350.9103678273168,1,39,Politics
2026-08-26T11:47:28.593637+00:00,C017,Historical contract #18,0.8957,0.0891,1560.419000597428,240.56748956483838,1,40,Politics
2026-08-27T11:47:28.593637+00:00,C017,Historical contract #18,0.8721,0.1147,7905.335029472328,911.3982871362597,1,41,Politics
2026-08-28T11:47:28.593637+00:00,C017,Historical contract #18,0.8667,0.1144,1492.788447918633,491.45571122081293,1,42,Politics
2026-08-29T11:47:28.593637+00:00,C017,Historical contract #18,0.8513,0.1475,237.13596437954558,1259.2698655780432,1,43,Politics
2026-08-30T11:47:28.593637+00:00,C017,Historical contract #18,0.849,0.1372,7001.3070000001935,375.6639997689883,1,44,Politics
2026-08-31T11:47:28.593637+00:00,C017,Historical contract #18,0.8433,0.1671,2517.641699101345,467.08692449279914,1,45,Politics
2026-09-01T11:47:28.593637+00:00,C017,Historical contract #18,0.8214,0.1762,5039.524871892169,706.1455878426483,1,46,Politics
2026-09-02T11:47:28.593637+00:00,C017,Historical contract #18,0.844,0.1672,1066.7819186970928,2545.431747298281,1,47,Politics
2026-09-03T11:47:28.593637+00:00,C017,Historical contract #18,0.8511,0.1398,4345.57729499439,373.19897143717674,1,48,Politics
2026-09-04T11:47:28.593637+00:00,C017,Historical contract #18,0.8498,0.1453,1808.4331443878405,818.6765543561371,1,49,Politics
2026-09-05T11:47:28.593637+00:00,C017,Historical contract #18,0.9031,0.079,269.76651612768626,863.5390804407064,1,50,Politics
2026-09-06T11:47:28.593637+00:00,C017,Historical contract #18,0.9081,0.103,2431.878432102326,809.7761468168179,1,51,Politics
2026-09-07T11:47:28.593637+00:00,C017,Historical contract #18,0.9117,0.0887,2952.5821389399775,431.09796542460504,1,52,Politics
2026-09-08T11:47:28.593637+00:00,C017,Historical contract #18,0.8971,0.092,1019.7512917970159,720.621713197047,1,53,Politics
2026-09-09T11:47:28.593637+00:00,C017,Historical contract #18,0.8745,0.111,856.9842663535233,466.85636731255903,1,54,Politics
2026-09-10T11:47:28.593637+00:00,C017,Historical contract #18,0.9068,0.1093,2849.012208452544,161.26292851296955,1,55,Politics
2026-09-11T11:47:28.593637+00:00,C017,Historical contract #18,0.9508,0.0519,6141.649611562467,1506.034163132062,1,56,Politics
2026-09-12T11:47:28.593637+00:00,C017,Historical contract #18,0.9638,0.0283,2041.1565773321092,456.35128349586626,1,57,Politics
2026-09-13T11:47:28.593637+00:00,C017,Historical contract #18,0.9646,0.0519,353.93440336765684,1631.7809762486613,1,58,Politics
2026-09-14T11:47:28.593637+00:00,C017,Historical contract #18,0.9638,0.0358,1154.8644003117192,886.0449306318814,1,59,Politics
2026-07-17T11:47:28.593637+00:00,C018,Historical contract #19,0.6064,0.3947,721.7491925822982,714.1895710071262,0,0,Crypto
2026-07-18T11:47:28.593637+00:00,C018,Historical contract #19,0.5902,0.3916,991.7208344520243,1306.5577116693462,0,1,Crypto
2026-07-19T11:47:28.593637+00:00,C018,Historical contract #19,0.5968,0.3963,8636.511445059889,881.8041663624091,0,2,Crypto
2026-07-20T11:47:28.593637+00:00,C018,Historical contract #19,0.6147,0.3719,1122.0387992153348,115.68544745038953,0,3,Crypto
2026-07-21T11:47:28.593637+00:00,C018,Historical contract #19,0.6408,0.3754,1566.606674507457,595.98687113813,0,4,Crypto
2026-07-22T11:47:28.593637+00:00,C018,Historical contract #19,0.6566,0.3432,1127.879877440895,267.9921555337393,0,5,Crypto
2026-07-23T11:47:28.593637+00:00,C018,Historical contract #19,0.6891,0.3241,310.3950643013749,198.14333812105966,0,6,Crypto
2026-07-24T11:47:28.593637+00:00,C018,Historical contract #19,0.6768,0.3348,626.716467578488,3152.054653451367,0,7,Crypto
2026-07-25T11:47:28.593637+00:00,C018,Historical contract #19,0.6736,0.3374,1039.3887101399744,1185.3807592040775,0,8,Crypto
2026-07-26T11:47:28.593637+00:00,C018,Historical contract #19,0.6553,0.3457,2947.7621488919826,180.69344980761326,0,9,Crypto
2026-07-27T11:47:28.593637+00:00,C018,Historical contract #19,0.6776,0.3133,5037.954205351299,281.36821767187877,0,10,Crypto
2026-07-28T11:47:28.593637+00:00,C018,Historical contract #19,0.6444,0.3698,2208.8739463749416,701.1954341423128,0,11,Crypto
2026-07-29T11:47:28.593637+00:00,C018,Historical contract #19,0.6237,0.3811,656.3689037861974,639.8366309473247,0,12,Crypto
2026-07-30T11:47:28.593637+00:00,C018,Historical contract #19,0.6043,0.3922,6233.364965901748,622.7464523923738,0,13,Crypto
2026-07-31T11:47:28.593637+00:00,C018,Historical contract #19,0.6208,0.3828,2199.13862159774,636.2675729142626,0,14,Crypto
2026-08-01T11:47:28.593637+00:00,C018,Historical contract #19,0.5738,0.4108,1622.749341910893,1208.4992453679165,0,15,Crypto
2026-08-02T11:47:28.593637+00:00,C018,Historical contract #19,0.551,0.4595,903.7186752920963,1787.9031475165834,0,16,Crypto
2026-08-03T11:47:28.593637+00:00,C018,Historical contract #19,0.5512,0.4597,5359.078500220507,1677.522090595049,0,17,Crypto
2026-08-04T11:47:28.593637+00:00,C018,Historical contract #19,0.5587,0.4503,1036.3463735935734,297.93921559636055,0,18,Crypto
2026-08-05T11:47:28.593637+00:00,C018,Historical contract #19,0.5626,0.4482,594.422325900184,571.9231502197706,0,19,Crypto
2026-08-06T11:47:28.593637+00:00,C018,Historical contract #19,0.5198,0.4803,480.92051011381886,1015.4244635088785,0,20,Crypto
2026-08-07T11:47:28.593637+00:00,C018,Historical contract #19,0.5192,0.4755,3562.787886643674,474.2186941436855,0,21,Crypto
2026-08-08T11:47:28.593637+00:00,C018,Historical contract #19,0.5257,0.4741,837.1656139579901,868.2798110384381,0,22,Crypto
2026-08-09T11:47:28.593637+00:00,C018,Historical contract #19,0.47,0.5201,799.3423813470158,721.2931510098622,0,23,Crypto
2026-08-10T11:47:28.593637+00:00,C018,Historical contract #19,0.4425,0.5648,1836.2154998415012,2039.1589726124178,0,24,Crypto
2026-08-11T11:47:28.593637+00:00,C018,Historical contract #19,0.4391,0.5707,1483.992419169862,226.92302938593912,0,25,Crypto
2026-08-12T11:47:28.593637+00:00,C018,Historical contract #19,0.4426,0.5656,13034.524270112424,404.451248964768,0,26,Crypto
2026-08-13T11:47:28.593637+00:00,C018,Historical contract #19,0.4303,0.5823,2142.419251624494,902.6658382173042,0,27,Crypto
2026-08-14T11:47:28.593637+00:00,C018,Historical contract #19,0.4224,0.5591,1103.6922147675355,1464.0169002080281,0,28,Crypto
2026-08-15T11:47:28.593637+00:00,C018,Historical contract #19,0.4258,0.5893,1405.362685208678,4634.734556447305,0,29,Crypto
2026-08-16T11:47:28.593637+00:00,C018,Historical contract #19,0.3999,0.5877,992.1008285530944,2775.2513506708997,0,30,Crypto
2026-08-17T11:47:28.593637+00:00,C018,Historical contract #19,0.4102,0.5728,2724.597513566654,817.4228923359169,0,31,Crypto
2026-08-18T11:47:28.593637+00:00,C018,Historical contract #19,0.3892,0.63,2468.6934273511292,790.4156695785236,0,32,Crypto
2026-08-19T11:47:28.593637+00:00,C018,Historical contract #19,0.3791,0.6374,2172.2312176665146,697.3410946290995,0,33,Crypto
2026-08-20T11:47:28.593637+00:00,C018,Historical contract #19,0.3569,0.643,780.2887514311267,936.4620287100172,0,34,Crypto
2026-08-21T11:47:28.593637+00:00,C018,Historical contract #19,0.3426,0.6765,877.6202387950594,369.36650537076633,0,35,Crypto
2026-08-22T11:47:28.593637+00:00,C018,Historical contract #19,0.3158,0.6801,602.7843307749642,453.5825148645316,0,36,Crypto
2026-08-23T11:47:28.593637+00:00,C018,Historical contract #19,0.2677,0.7384,1211.7587710048153,202.26012264655563,0,37,Crypto
2026-08-24T11:47:28.593637+00:00,C018,Historical contract #19,0.2898,0.6989,3420.544240422607,379.6187048993138,0,38,Crypto
2026-08-25T11:47:28.593637+00:00,C018,Historical contract #19,0.3172,0.6749,807.1921171342756,319.3647792928615,0,39,Crypto
2026-08-26T11:47:28.593637+00:00,C018,Historical contract #19,0.3189,0.6726,1578.9668099697778,1840.497306611699,0,40,Crypto
2026-08-27T11:47:28.593637+00:00,C018,Historical contract #19,0.2915,0.709,3880.433817191986,1270.6628732272354,0,41,Crypto
2026-08-28T11:47:28.593637+00:00,C018,Historical contract #19,0.2782,0.7377,449.86504149010216,285.7176272712758,0,42,Crypto
2026-08-29T11:47:28.593637+00:00,C018,Historical contract #19,0.2748,0.7158,1919.7335183303594,1527.523213076819,0,43,Crypto
2026-08-30T11:47:28.593637+00:00,C018,Historical contract #19,0.2401,0.7507,2102.681619443064,378.6726266722121,0,44,Crypto
2026-08-31T11:47:28.593637+00:00,C018,Historical contract #19,0.2613,0.7463,2280.401177857866,2794.4355728552787,0,45,Crypto
2026-09-01T11:47:28.593637+00:00,C018,Historical contract #19,0.2189,0.7611,2423.746045874177,320.01118956237906,0,46,Crypto
2026-09-02T11:47:28.593637+00:00,C018,Historical contract #19,0.2172,0.8026,3141.469159343451,1550.3993385477545,0,47,Crypto
2026-09-03T11:47:28.593637+00:00,C018,Historical contract #19,0.2135,0.7851,834.2767510186125,1044.9956508983896,0,48,Crypto
2026-09-04T11:47:28.593637+00:00,C018,Historical contract #19,0.2035,0.7814,1417.9317443502648,1797.701722273328,0,49,Crypto
2026-09-05T11:47:28.593637+00:00,C018,Historical contract #19,0.1957,0.7886,4007.6666896968527,386.8232961551894,0,50,Crypto
2026-09-06T11:47:28.593637+00:00,C018,Historical contract #19,0.1708,0.8459,7516.311220406651,2437.8450269635196,0,51,Crypto
2026-09-07T11:47:28.593637+00:00,C018,Historical contract #19,0.1689,0.8274,3405.6774140976318,243.3286648407981,0,52,Crypto
2026-09-08T11:47:28.593637+00:00,C018,Historical contract #19,0.1712,0.821,2332.7018183001287,554.4773164920779,0,53,Crypto
2026-09-09T11:47:28.593637+00:00,C018,Historical contract #19,0.1687,0.817,154.71361818504826,767.4807282423517,0,54,Crypto
2026-09-10T11:47:28.593637+00:00,C018,Historical contract #19,0.1676,0.8474,881.2757988498112,950.2666968007225,0,55,Crypto
2026-09-11T11:47:28.593637+00:00,C018,Historical contract #19,0.15,0.8594,2319.4804678175183,944.0117755379254,0,56,Crypto
2026-09-12T11:47:28.593637+00:00,C018,Historical contract #19,0.1564,0.8528,881.4654418495955,94.5690323598762,0,57,Crypto
2026-09-13T11:47:28.593637+00:00,C018,Historical contract #19,0.1296,0.8846,1363.1083671273584,1262.6180955763325,0,58,Crypto
2026-09-14T11:47:28.593637+00:00,C018,Historical contract #19,0.1176,0.8815,1427.7094192936668,966.8968902270398,0,59,Crypto
2026-07-17T11:47:28.593637+00:00,C019,Historical contract #20,0.4668,0.5251,6227.418648747054,805.9786151749677,1,0,Macro
2026-07-18T11:47:28.593637+00:00,C019,Historical contract #20,0.5094,0.4845,2418.364518907244,1218.8885463890817,1,1,Macro
2026-07-19T11:47:28.593637+00:00,C019,Historical contract #20,0.5692,0.4468,2354.881883913708,1710.2961299784663,1,2,Macro
2026-07-20T11:47:28.593637+00:00,C019,Historical contract #20,0.641,0.3626,1873.0269992805422,636.9810199743838,1,3,Macro
2026-07-21T11:47:28.593637+00:00,C019,Historical contract #20,0.6759,0.3259,2104.245814916522,285.3450039626105,1,4,Macro
2026-07-22T11:47:28.593637+00:00,C019,Historical contract #20,0.7207,0.2727,1279.6099598849876,719.1533437903048,1,5,Macro
2026-07-23T11:47:28.593637+00:00,C019,Historical contract #20,0.7732,0.2232,1061.23366876816,428.095570464538,1,6,Macro
2026-07-24T11:47:28.593637+00:00,C019,Historical contract #20,0.8117,0.1778,810.6282710490478,5913.723626994536,1,7,Macro
2026-07-25T11:47:28.593637+00:00,C019,Historical contract #20,0.8234,0.1585,1748.4161749970765,702.021234998757,1,8,Macro
2026-07-26T11:47:28.593637+00:00,C019,Historical contract #20,0.839,0.15,2467.2053332394066,431.88932253735015,1,9,Macro
2026-07-27T11:47:28.593637+00:00,C019,Historical contract #20,0.8515,0.1299,791.0253404398218,162.7268295236182,1,10,Macro
2026-07-28T11:47:28.593637+00:00,C019,Historical contract #20,0.8156,0.1688,704.6971850859304,854.5621409389544,1,11,Macro
2026-07-29T11:47:28.593637+00:00,C019,Historical contract #20,0.7929,0.2064,784.3619465463618,456.0088794591175,1,12,Macro
2026-07-30T11:47:28.593637+00:00,C019,Historical contract #20,0.7859,0.2337,1106.7310536607008,1345.7930823435374,1,13,Macro
2026-07-31T11:47:28.593637+00:00,C019,Historical contract #20,0.7921,0.208,926.7610533118989,634.5866732773939,1,14,Macro
2026-08-01T11:47:28.593637+00:00,C019,Historical contract #20,0.783,0.2079,1496.6735540923596,312.4041347916865,1,15,Macro
2026-08-02T11:47:28.593637+00:00,C019,Historical contract #20,0.8108,0.1976,1263.3848825260175,747.2459921086222,1,16,Macro
2026-08-03T11:47:28.593637+00:00,C019,Historical contract #20,0.8134,0.1845,1912.940724273156,404.71802746849914,1,17,Macro
2026-08-04T11:47:28.593637+00:00,C019,Historical contract #20,0.7989,0.1844,1357.1118992159377,1046.887261755991,1,18,Macro
2026-08-05T11:47:28.593637+00:00,C019,Historical contract #20,0.792,0.2279,3672.208469697067,1888.3601881440534,1,19,Macro
2026-08-06T11:47:28.593637+00:00,C019,Historical contract #20,0.8164,0.1983,963.3322936887608,85.74777099434093,1,20,Macro
2026-08-07T11:47:28.593637+00:00,C019,Historical contract #20,0.8128,0.1869,2041.0375845212561,829.1309373261068,1,21,Macro
2026-08-08T11:47:28.593637+00:00,C019,Historical contract #20,0.8455,0.1471,3425.93717866064,313.6726124630503,1,22,Macro
2026-08-09T11:47:28.593637+00:00,C019,Historical contract #20,0.8255,0.1882,1960.0420932024517,404.00071721454134,1,23,Macro
2026-08-10T11:47:28.593637+00:00,C019,Historical contract #20,0.8184,0.1634,1025.3945898128675,238.28841266121538,1,24,Macro
2026-08-11T11:47:28.593637+00:00,C019,Historical contract #20,0.7953,0.2011,1125.136120977716,1612.8005652503512,1,25,Macro
2026-08-12T11:47:28.593637+00:00,C019,Historical contract #20,0.812,0.1887,997.7509279354656,603.7603015174609,1,26,Macro
2026-08-13T11:47:28.593637+00:00,C019,Historical contract #20,0.828,0.1692,1677.2092640208327,1577.0306516525902,1,27,Macro
2026-08-14T11:47:28.593637+00:00,C019,Historical contract #20,0.835,0.1667,1221.8461518167587,156.01143514039566,1,28,Macro
2026-08-15T11:47:28.593637+00:00,C019,Historical contract #20,0.8466,0.16,2864.868889991586,932.3882723356933,1,29,Macro
2026-08-16T11:47:28.593637+00:00,C019,Historical contract #20,0.8446,0.1426,2811.244692256775,935.5718372252627,1,30,Macro
2026-08-17T11:47:28.593637+00:00,C019,Historical contract #20,0.8391,0.1646,892.2154045617558,417.0396482299601,1,31,Macro
2026-08-18T11:47:28.593637+00:00,C019,Historical contract #20,0.8789,0.1144,1357.7613486273194,837.0673788895014,1,32,Macro
2026-08-19T11:47:28.593637+00:00,C019,Historical contract #20,0.8835,0.1014,875.5224907416897,638.6283710941699,1,33,Macro
2026-08-20T11:47:28.593637+00:00,C019,Historical contract #20,0.8777,0.1133,4463.041888705401,514.2818041286777,1,34,Macro
2026-08-21T11:47:28.593637+00:00,C019,Historical contract #20,0.8592,0.1263,1392.28468232061,587.0730153156526,1,35,Macro
2026-08-22T11:47:28.593637+00:00,C019,Historical contract #20,0.8593,0.1288,301.0982402906141,487.52076163187616,1,36,Macro
2026-08-23T11:47:28.593637+00:00,C019,Historical contract #20,0.8655,0.1179,3713.984860986822,1274.8784796549849,1,37,Macro
2026-08-24T11:47:28.593637+00:00,C019,Historical contract #20,0.8704,0.1105,1653.1445360325642,611.6563939710255,1,38,Macro
2026-08-25T11:47:28.593637+00:00,C019,Historical contract #20,0.8745,0.1164,2212.679385248635,1215.0854127485425,1,39,Macro
2026-08-26T11:47:28.593637+00:00,C019,Historical contract #20,0.8553,0.1364,446.38668200916,1330.244342205503,1,40,Macro
2026-08-27T11:47:28.593637+00:00,C019,Historical contract #20,0.8691,0.1282,576.1692240547289,2773.7583879916397,1,41,Macro
2026-08-28T11:47:28.593637+00:00,C019,Historical contract #20,0.8642,0.1366,3581.3952157543267,301.99673177014296,1,42,Macro
2026-08-29T11:47:28.593637+00:00,C019,Historical contract #20,0.8617,0.1338,17782.64855143051,846.3219089641691,1,43,Macro
2026-08-30T11:47:28.593637+00:00,C019,Historical contract #20,0.903,0.1011,2426.99229057154,301.4618224255878,1,44,Macro
2026-08-31T11:47:28.593637+00:00,C019,Historical contract #20,0.9277,0.0566,6507.431424801066,780.5542518016289,1,45,Macro
2026-09-01T11:47:28.593637+00:00,C019,Historical contract #20,0.875,0.1162,3050.797334969541,550.2545017025935,1,46,Macro
2026-09-02T11:47:28.593637+00:00,C019,Historical contract #20,0.898,0.1013,636.0098825181269,628.1906338951419,1,47,Macro
2026-09-03T11:47:28.593637+00:00,C019,Historical contract #20,0.9043,0.1074,4826.287981459484,336.9161545658458,1,48,Macro
2026-09-04T11:47:28.593637+00:00,C019,Historical contract #20,0.9157,0.0994,520.4153476824216,231.5453737092697,1,49,Macro
2026-09-05T11:47:28.593637+00:00,C019,Historical contract #20,0.9199,0.065,2873.872922806859,167.25040823700184,1,50,Macro
2026-09-06T11:47:28.593637+00:00,C019,Historical contract #20,0.8615,0.1371,1674.0970322179187,1657.4122435794875,1,51,Macro
2026-09-07T11:47:28.593637+00:00,C019,Historical contract #20,0.8569,0.1557,3557.9462824206885,464.9961330051472,1,52,Macro
2026-09-08T11:47:28.593637+00:00,C019,Historical contract #20,0.8625,0.1331,2507.27922446966,1026.7369854220892,1,53,Macro
2026-09-09T11:47:28.593637+00:00,C019,Historical contract #20,0.876,0.1229,1249.4413977143395,229.81711389260383,1,54,Macro
2026-09-10T11:47:28.593637+00:00,C019,Historical contract #20,0.9278,0.0809,1147.3914414124251,631.0324850954248,1,55,Macro
2026-09-11T11:47:28.593637+00:00,C019,Historical contract #20,0.9341,0.0774,1783.0004717420159,644.3165965524502,1,56,Macro
2026-09-12T11:47:28.593637+00:00,C019,Historical contract #20,0.942,0.0525,8141.266573531284,591.2088559694088,1,57,Macro
2026-09-13T11:47:28.593637+00:00,C019,Historical contract #20,0.9574,0.057,1240.4131529913845,388.4433364099802,1,58,Macro
2026-09-14T11:47:28.593637+00:00,C019,Historical contract #20,0.98,0.0213,3315.8324576851974,395.30737935487235,1,59,Macro
